Index,Variant,country,Notes,Country code,Type,Parent code,1950,1951,1952,1953,1954,1955,1956,1957,1958,1959,1960,1961,1962,1963,1964,1965,1966,1967,1968,1969,1970,1971,1972,1973,1974,1975,1976,1977,1978,1979,1980,1981,1982,1983,1984,1985,1986,1987,1988,1989,1990,1991,1992,1993,1994,1995,1996,1997,1998,1999,2000,2001,2002,2003,2004,2005,2006,2007,2008,2009,2010,2011,2012,2013,2014,2015,2016,2017,2018,2019,2020
117,Estimates,Afghanistan,,4,Country/Area,5501,11.9,12.0,12.2,12.3,12.5,12.7,12.9,13.1,13.3,13.5,13.8,14.0,14.3,14.6,14.9,15.3,15.6,15.9,16.3,16.7,17.1,17.6,18.1,18.5,19.0,19.4,19.8,20.2,20.4,20.5,20.5,20.2,19.7,19.2,18.7,18.3,18.0,17.8,17.8,18.2,19.0,20.4,22.2,24.2,26.2,27.7,28.9,29.6,30.2,30.9,31.8,33.1,34.6,36.3,37.9,39.3,40.5,41.5,42.5,43.5,44.7,46.1,47.7,49.4,51.1,52.7,54.2,55.6,56.9,58.3,59.6
258,Estimates,Albania,,8,Country/Area,925,46.1,47.0,48.0,49.2,50.5,51.8,53.3,54.8,56.3,58.0,59.7,61.5,63.4,65.3,67.3,69.2,71.1,72.9,74.8,76.6,78.5,80.4,82.3,84.2,86.1,88.0,90.0,91.9,93.9,95.9,97.9,99.9,101.8,103.8,106.0,108.4,111.1,114.0,116.8,118.9,119.9,119.7,118.5,116.6,114.8,113.6,113.1,113.1,113.5,114.0,114.2,114.2,114.1,113.8,113.3,112.7,111.8,110.7,109.6,108.5,107.6,106.9,106.4,106.0,105.7,105.5,105.3,105.3,105.2,105.1,105.0
83,Estimates,Algeria,,12,Country/Area,912,3.7,3.8,3.9,3.9,4.0,4.1,4.2,4.3,4.4,4.5,4.6,4.8,4.9,5.0,5.1,5.3,5.4,5.6,5.7,5.9,6.1,6.2,6.4,6.6,6.8,7.0,7.2,7.4,7.6,7.8,8.1,8.3,8.6,8.9,9.1,9.4,9.7,10.0,10.3,10.5,10.8,11.1,11.3,11.6,11.8,12.1,12.3,12.5,12.7,12.9,13.0,13.2,13.4,13.5,13.7,13.9,14.1,14.3,14.6,14.8,15.1,15.4,15.7,16.0,16.3,16.7,17.0,17.4,17.7,18.1,18.4
221,Estimates,American Samoa,16,16,Country/Area,957,94.7,96.4,97.7,98.5,98.8,98.7,98.6,98.4,98.5,99.1,100.6,103.0,106.2,110.1,114.3,118.4,122.4,126.2,129.9,133.5,136.8,139.9,142.8,145.5,148.0,150.2,152.3,154.2,156.3,159.2,163.2,168.5,174.8,182.1,189.7,197.6,205.6,213.7,221.7,229.5,236.8,243.4,249.5,255.1,260.5,265.8,271.0,276.1,280.9,285.2,289.1,292.5,295.4,297.5,298.4,297.8,295.5,291.8,287.5,283.4,280.4,278.8,278.3,278.6,279.0,279.0,278.7,278.1,277.3,276.6,276.0
259,Estimates,Andorra,,20,Country/Area,925,13.2,14.2,15.4,16.7,18.2,19.6,21.2,22.9,24.7,26.6,28.5,30.6,32.7,34.9,37.2,39.5,41.8,44.2,46.6,49.0,51.6,54.4,57.2,60.1,62.8,65.3,67.6,69.7,71.8,74.1,76.7,79.8,83.2,86.9,90.9,94.9,99.0,103.1,107.3,111.6,116.0,120.6,125.3,129.7,133.4,135.9,136.9,136.8,136.5,137.0,139.1,143.3,149.0,155.7,162.2,167.8,172.3,175.9,178.4,179.7,179.7,178.2,175.4,171.9,168.5,165.9,164.5,163.8,163.8,164.1,164.4
48,Estimates,Angola,,24,Country/Area,911,3.6,3.7,3.8,3.9,4.0,4.0,4.1,4.2,4.3,4.3,4.4,4.4,4.5,4.6,4.6,4.6,4.6,4.6,4.6,4.7,4.7,4.8,5.0,5.2,5.4,5.6,5.8,6.0,6.2,6.5,6.7,6.9,7.2,7.4,7.7,8.0,8.3,8.6,8.9,9.2,9.5,9.8,10.2,10.5,10.8,11.2,11.6,11.9,12.3,12.7,13.2,13.6,14.1,14.5,15.0,15.6,16.2,16.8,17.4,18.1,18.7,19.4,20.1,20.9,21.6,22.4,23.1,23.9,24.7,25.5,26.4
150,Estimates,Anguilla,14,660,Country/Area,915,56.9,59.1,60.9,62.2,63.4,64.2,65.0,65.6,66.0,66.5,66.9,67.7,68.2,69.0,69.8,70.7,71.5,72.4,73.4,74.3,75.3,76.2,77.2,78.0,78.9,79.6,80.0,80.6,80.9,81.1,80.9,80.5,79.9,79.4,79.8,81.0,83.5,87.1,91.4,95.4,98.8,101.5,103.7,105.5,107.3,109.6,112.4,115.4,118.7,122.0,125.0,128.0,130.6,133.3,135.9,138.2,140.7,142.9,145.1,147.2,149.3,151.2,153.3,155.0,156.8,158.7,160.4,162.1,163.8,165.2,166.7
151,Estimates,Antigua and Barbuda,,28,Country/Area,915,103.4,105.8,107.7,109.4,111.1,112.8,114.7,116.7,118.8,120.9,123.0,125.0,126.9,128.9,131.0,133.4,136.2,139.2,142.1,144.4,145.9,146.3,145.8,144.7,143.4,142.4,141.7,141.3,141.0,140.8,140.6,140.4,140.4,140.4,140.4,140.4,140.4,140.3,140.4,140.9,142.1,144.0,146.5,149.5,152.7,156.1,159.5,163.0,166.4,169.7,172.7,175.5,178.0,180.3,182.6,185.1,188.0,191.0,194.1,197.1,200.1,202.8,205.5,208.0,210.4,212.7,214.8,216.9,218.8,220.7,222.6
188,Estimates,Argentina,,32,Country/Area,931,6.2,6.4,6.5,6.6,6.7,6.9,7.0,7.1,7.2,7.4,7.5,7.6,7.7,7.9,8.0,8.1,8.2,8.3,8.5,8.6,8.7,8.9,9.0,9.2,9.3,9.5,9.6,9.7,9.9,10.0,10.2,10.4,10.5,10.7,10.9,11.0,11.2,11.4,11.6,11.7,11.9,12.1,12.3,12.4,12.6,12.7,12.9,13.0,13.2,13.3,13.5,13.6,13.8,13.9,14.1,14.2,14.4,14.5,14.6,14.8,14.9,15.1,15.3,15.4,15.6,15.7,15.9,16.1,16.2,16.4,16.5
91,Estimates,Armenia,,51,Country/Area,922,47.5,48.5,49.8,51.3,53.0,54.9,56.9,59.0,61.2,63.5,65.8,68.2,70.6,73.0,75.3,77.7,79.9,82.2,84.3,86.5,88.7,90.9,93.1,95.3,97.4,99.5,101.5,103.4,105.3,107.1,108.9,110.6,112.2,113.8,115.4,117.2,119.2,121.2,123.1,124.2,124.3,123.1,120.9,118.1,115.3,113.0,111.3,110.0,109.2,108.5,107.8,107.2,106.6,106.0,105.4,104.7,103.9,103.0,102.1,101.4,101.1,101.0,101.3,101.8,102.3,102.8,103.1,103.4,103.7,103.9,104.1
152,Estimates,Aruba,15,533,Country/Area,915,211.4,212.6,216.5,223.1,232.0,242.9,255.2,268.0,280.6,291.8,301.2,308.0,312.4,315.0,316.8,318.7,320.6,322.5,324.3,326.3,328.2,330.2,332.5,334.6,336.3,337.0,336.6,335.4,333.9,333.2,333.9,336.5,340.8,345.6,349.0,350.1,348.0,343.5,339.3,339.1,345.3,359.0,379.1,402.8,426.1,446.2,462.3,474.7,484.9,494.5,504.8,516.1,527.7,539.0,548.6,555.7,560.2,562.4,563.1,563.6,564.8,566.9,569.8,573.1,576.5,579.7,582.6,585.3,588.0,590.6,593.1
203,Estimates,Australia,18,36,Country/Area,927,1.1,1.1,1.1,1.1,1.2,1.2,1.2,1.2,1.3,1.3,1.3,1.4,1.4,1.4,1.4,1.5,1.5,1.5,1.6,1.6,1.7,1.7,1.7,1.7,1.8,1.8,1.8,1.8,1.9,1.9,1.9,1.9,1.9,2.0,2.0,2.0,2.1,2.1,2.1,2.2,2.2,2.2,2.3,2.3,2.3,2.3,2.4,2.4,2.4,2.4,2.5,2.5,2.5,2.6,2.6,2.6,2.7,2.7,2.8,2.8,2.9,2.9,3.0,3.0,3.1,3.1,3.2,3.2,3.2,3.3,3.3
275,Estimates,Austria,,40,Country/Area,926,84.2,84.1,84.1,84.2,84.2,84.4,84.5,84.8,85.0,85.4,85.8,86.3,86.8,87.4,88.0,88.6,89.2,89.8,90.3,90.8,91.2,91.6,92.0,92.3,92.5,92.7,92.7,92.7,92.6,92.4,92.3,92.3,92.2,92.3,92.3,92.4,92.5,92.7,92.9,93.3,93.7,94.3,95.0,95.8,96.4,97.0,97.3,97.5,97.6,97.7,97.9,98.3,98.7,99.2,99.7,100.2,100.5,100.9,101.2,101.6,102.1,102.6,103.2,103.8,104.5,105.3,106.1,107.0,107.9,108.7,109.3
92,Estimates,Azerbaijan,5,31,Country/Area,922,35.4,36.1,37.0,38.0,39.1,40.3,41.5,42.8,44.1,45.6,47.1,48.8,50.5,52.2,53.9,55.6,57.1,58.6,60.0,61.4,62.7,63.9,65.2,66.3,67.5,68.6,69.8,70.9,72.1,73.2,74.4,75.6,76.8,78.1,79.3,80.7,82.0,83.4,84.8,86.2,87.6,89.0,90.4,91.7,93.0,94.1,95.0,95.9,96.7,97.4,98.3,99.2,100.1,101.2,102.2,103.3,104.4,105.5,106.7,108.0,109.3,110.7,112.1,113.5,115.0,116.4,117.8,119.1,120.4,121.6,122.7
153,Estimates,Bahamas,,44,Country/Area,915,7.9,8.0,8.1,8.3,8.6,8.9,9.2,9.6,10.0,10.4,10.9,11.5,12.1,12.7,13.4,14.0,14.6,15.2,15.8,16.4,16.9,17.4,17.8,18.1,18.5,18.9,19.3,19.7,20.1,20.6,21.0,21.5,22.0,22.5,23.0,23.4,23.9,24.3,24.7,25.1,25.6,26.1,26.6,27.1,27.6,28.0,28.4,28.7,29.0,29.4,29.8,30.2,30.7,31.3,31.9,32.5,33.1,33.7,34.3,34.9,35.5,35.9,36.3,36.7,37.0,37.4,37.8,38.1,38.5,38.9,39.3
93,Estimates,Bahrain,,48,Country/Area,922,152.1,153.7,157.4,162.5,168.8,175.8,183.2,190.9,198.7,206.3,213.7,220.9,227.8,234.4,240.6,246.6,252.3,258.0,264.0,271.1,279.7,289.9,301.5,315.2,331.5,350.7,373.4,398.9,425.6,451.1,473.5,492.3,507.8,521.6,535.8,551.9,570.4,590.8,612.1,633.0,652.5,670.7,688.3,705.5,723.1,741.7,761.4,782.8,807.5,837.6,874.5,917.8,967.3,1024.6,1091.9,1169.9,1261.1,1363.1,1466.6,1559.3,1632.7,1681.8,1710.5,1730.3,1758.0,1805.1,1876.0,1965.9,2065.1,2159.4,2238.9
118,Estimates,Bangladesh,,50,Country/Area,5501,291.1,297.4,303.4,309.5,316.1,323.3,331.2,339.8,349.0,358.8,368.9,379.2,389.9,401.0,412.9,425.5,439.1,453.5,468.0,481.5,493.5,503.4,511.8,519.6,528.1,538.3,550.5,564.4,579.6,595.6,611.8,628.2,644.8,661.8,679.2,697.3,715.9,735.0,754.3,773.6,792.6,811.2,829.6,847.7,866.1,884.8,903.8,923.1,942.5,961.7,980.7,999.4,1017.7,1035.5,1052.4,1068.1,1082.6,1096.0,1108.6,1121.0,1133.7,1146.8,1160.1,1173.6,1187.0,1200.4,1213.6,1226.7,1239.7,1252.6,1265.2
154,Estimates,Barbados,,52,Country/Area,915,490.7,501.7,510.9,518.3,524.0,528.2,531.2,533.2,534.6,535.8,537.2,538.9,541.0,543.3,545.6,547.5,549.0,550.4,551.7,553.4,555.6,558.4,561.7,565.3,568.9,572.5,575.8,578.9,581.9,584.5,586.9,589.1,590.9,592.5,594.2,596.0,597.9,600.0,602.3,604.6,606.8,609.1,611.4,613.6,616.0,618.5,621.0,623.7,626.4,629.0,631.4,633.7,635.9,638.0,640.2,642.6,645.3,648.1,651.0,653.7,656.1,658.1,659.8,661.1,662.4,663.6,664.6,665.6,666.6,667.5,668.3
233,Estimates,Belarus,,112,Country/Area,923,38.2,37.9,37.8,37.8,38.0,38.2,38.5,38.8,39.2,39.6,40.0,40.4,40.8,41.2,41.5,41.9,42.3,42.7,43.1,43.5,43.9,44.3,44.6,45.0,45.3,45.6,45.9,46.2,46.5,46.8,47.2,47.5,47.8,48.2,48.5,48.8,49.1,49.4,49.7,49.9,50.0,50.1,50.0,49.9,49.8,49.7,49.5,49.3,49.1,48.9,48.7,48.4,48.0,47.7,47.4,47.1,46.9,46.7,46.6,46.5,46.4,46.4,46.4,46.4,46.5,46.5,46.6,46.6,46.6,46.6,46.6
276,Estimates,Belgium,,56,Country/Area,926,285.3,286.7,288.2,289.9,291.7,293.5,295.3,297.2,299.0,300.9,302.8,304.7,306.6,308.5,310.2,311.9,313.4,314.7,315.9,317.0,318.1,319.1,320.1,321.0,321.9,322.7,323.5,324.2,324.9,325.4,325.9,326.3,326.6,326.9,327.2,327.5,327.9,328.3,328.9,329.6,330.5,331.6,332.8,334.2,335.4,336.4,337.1,337.6,338.1,338.7,339.6,340.8,342.3,344.1,346.1,348.3,350.7,353.3,356.0,358.7,361.3,363.7,366.1,368.4,370.6,372.8,375.0,377.1,379.2,381.1,382.7
179,Estimates,Belize,,84,Country/Area,916,3.0,3.1,3.2,3.3,3.4,3.5,3.6,3.7,3.8,3.9,4.0,4.2,4.3,4.4,4.5,4.7,4.8,4.9,5.1,5.2,5.4,5.5,5.6,5.7,5.8,5.8,5.9,6.0,6.1,6.2,6.3,6.5,6.6,6.8,7.0,7.2,7.4,7.6,7.8,8.0,8.2,8.4,8.5,8.7,8.8,9.1,9.4,9.7,10.1,10.5,10.8,11.2,11.5,11.8,12.1,12.4,12.8,13.1,13.5,13.8,14.1,14.5,14.8,15.2,15.5,15.8,16.2,16.5,16.8,17.1,17.4
64,Estimates,Benin,,204,Country/Area,914,20.0,20.0,20.1,20.2,20.3,20.4,20.6,20.8,21.0,21.3,21.6,21.9,22.2,22.6,22.9,23.3,23.8,24.3,24.8,25.3,25.8,26.4,27.0,27.6,28.3,29.0,29.7,30.4,31.3,32.1,33.0,33.9,34.8,35.8,36.9,37.9,39.1,40.2,41.4,42.7,44.2,45.7,47.3,49.0,50.7,52.4,54.0,55.7,57.4,59.1,60.9,62.8,64.7,66.7,68.7,70.8,72.9,75.0,77.1,79.3,81.6,83.9,86.3,88.7,91.2,93.8,96.4,99.1,101.9,104.7,107.5
285,Estimates,Bermuda,14,60,Country/Area,918,745.1,756.0,768.7,782.8,798.3,814.2,830.7,847.4,864.5,881.8,899.7,918.0,936.3,954.5,971.8,987.6,1002.4,1015.7,1027.7,1039.6,1051.3,1063.1,1075.0,1086.5,1097.6,1108.0,1117.5,1126.4,1135.0,1143.4,1151.6,1159.7,1167.8,1175.7,1183.6,1191.9,1200.2,1208.4,1216.8,1224.9,1232.6,1240.2,1247.8,1255.0,1262.0,1268.8,1275.4,1281.8,1287.8,1294.1,1300.3,1306.6,1313.0,1318.7,1323.1,1325.2,1324.8,1322.5,1318.8,1313.5,1307.8,1301.5,1294.7,1287.6,1280.8,1273.9,1267.2,1260.8,1255.3,1250.2,1245.5
119,Estimates,Bhutan,,64,Country/Area,5501,4.6,4.7,4.8,5.0,5.1,5.2,5.3,5.4,5.6,5.7,5.9,6.0,6.2,6.3,6.5,6.7,6.9,7.1,7.3,7.6,7.8,8.1,8.3,8.6,8.9,9.1,9.4,9.7,10.1,10.4,10.7,11.0,11.3,11.5,11.8,12.2,12.6,13.0,13.4,13.7,13.9,14.0,14.0,14.0,14.0,14.0,14.2,14.5,14.8,15.2,15.5,15.8,16.2,16.5,16.8,17.0,17.2,17.4,17.6,17.8,18.0,18.2,18.4,18.6,18.9,19.1,19.3,19.6,19.8,20.0,20.2
189,Estimates,Bolivia (Plurinational State of),,68,Country/Area,931,2.8,2.9,2.9,3.0,3.0,3.1,3.1,3.2,3.2,3.3,3.4,3.4,3.5,3.6,3.7,3.7,3.8,3.9,4.0,4.1,4.1,4.2,4.3,4.4,4.5,4.6,4.7,4.8,4.9,5.0,5.2,5.3,5.4,5.5,5.6,5.7,5.8,5.9,6.1,6.2,6.3,6.5,6.6,6.8,6.9,7.0,7.2,7.3,7.5,7.6,7.8,7.9,8.1,8.2,8.4,8.5,8.7,8.8,9.0,9.1,9.3,9.4,9.6,9.7,9.9,10.0,10.2,10.3,10.5,10.6,10.8
155,Estimates,"Bonaire, Sint Eustatius and Saba",15,535,Country/Area,915,21.7,22.2,22.6,22.9,23.2,23.4,23.5,23.7,23.9,24.2,24.6,25.1,25.7,26.4,27.1,27.8,28.6,29.4,30.2,30.9,31.6,32.1,32.7,33.1,33.4,33.6,33.8,33.8,33.9,33.9,34.2,34.5,35.0,35.5,36.1,36.7,37.1,37.6,38.1,38.7,39.7,40.9,42.5,44.1,45.3,46.0,46.2,46.0,45.4,44.6,43.9,43.1,42.3,41.9,42.3,43.9,46.8,50.7,55.4,59.9,63.8,67.1,69.6,71.7,73.4,74.9,76.3,77.4,78.4,79.2,79.9
260,Estimates,Bosnia and Herzegovina,,70,Country/Area,925,52.2,53.2,54.2,55.3,56.4,57.6,58.7,59.8,60.9,62.1,63.2,64.5,65.7,67.0,68.2,69.3,70.3,71.2,72.1,72.9,73.7,74.6,75.5,76.4,77.3,78.1,78.9,79.7,80.4,81.2,82.0,82.8,83.6,84.5,85.3,86.1,87.0,87.8,88.4,88.4,87.5,85.7,83.0,80.0,77.2,75.1,73.8,73.3,73.2,73.4,73.6,73.6,73.7,73.8,73.8,73.8,73.8,73.8,73.6,73.3,72.7,71.8,70.7,69.5,68.3,67.2,66.4,65.7,65.2,64.7,64.3
58,Estimates,Botswana,,72,Country/Area,913,0.7,0.7,0.8,0.8,0.8,0.8,0.8,0.8,0.9,0.9,0.9,0.9,0.9,0.9,1.0,1.0,1.0,1.0,1.1,1.1,1.1,1.1,1.2,1.2,1.3,1.3,1.4,1.4,1.5,1.5,1.6,1.6,1.7,1.8,1.8,1.9,2.0,2.0,2.1,2.2,2.3,2.3,2.4,2.5,2.5,2.6,2.7,2.7,2.8,2.8,2.9,3.0,3.0,3.1,3.1,3.2,3.2,3.3,3.4,3.4,3.5,3.6,3.6,3.6,3.7,3.7,3.8,3.9,4.0,4.1,4.1
190,Estimates,Brazil,,76,Country/Area,931,6.5,6.7,6.9,7.1,7.3,7.5,7.7,7.9,8.2,8.4,8.6,8.9,9.2,9.4,9.7,10.0,10.3,10.5,10.8,11.1,11.4,11.7,11.9,12.2,12.5,12.8,13.1,13.5,13.8,14.1,14.4,14.8,15.1,15.5,15.8,16.2,16.5,16.9,17.2,17.5,17.8,18.1,18.5,18.8,19.1,19.4,19.7,20.0,20.3,20.6,20.9,21.2,21.5,21.8,22.0,22.3,22.5,22.7,23.0,23.2,23.4,23.6,23.8,24.1,24.3,24.5,24.7,24.9,25.1,25.3,25.4
156,Estimates,British Virgin Islands,14,92,Country/Area,915,49.6,50.0,50.3,50.6,50.9,51.2,51.5,51.9,52.4,53.0,53.7,54.4,55.5,56.5,57.6,58.9,60.1,61.4,62.8,64.1,65.5,66.7,68.1,69.3,70.3,71.3,72.1,72.8,73.6,74.8,76.5,78.8,81.7,85.0,88.8,93.0,97.6,102.6,107.7,112.4,116.6,120.0,123.0,125.2,127.1,128.7,130.1,131.1,132.1,133.5,135.4,137.8,140.9,144.5,148.9,154.0,160.1,167.0,174.0,180.2,185.3,188.8,191.0,192.3,193.2,194.3,195.7,197.1,198.6,200.2,201.6
137,Estimates,Brunei Darussalam,,96,Country/Area,920,9.1,9.7,10.2,10.8,11.4,12.0,12.7,13.4,14.1,14.8,15.5,16.2,17.0,17.7,18.6,19.4,20.4,21.3,22.4,23.5,24.6,25.7,26.9,28.2,29.4,30.7,31.9,33.2,34.4,35.6,36.8,38.0,39.1,40.2,41.4,42.6,43.8,45.1,46.4,47.7,49.1,50.5,52.0,53.5,54.9,56.4,57.8,59.2,60.6,61.9,63.2,64.5,65.8,67.0,68.2,69.3,70.3,71.2,72.0,72.8,73.7,74.7,75.7,76.7,77.8,78.7,79.7,80.5,81.4,82.2,83.0
234,Estimates,Bulgaria,,100,Country/Area,923,66.8,67.3,67.9,68.5,69.1,69.7,70.2,70.8,71.4,72.0,72.6,73.3,73.9,74.5,75.1,75.7,76.3,76.9,77.4,77.9,78.4,78.8,79.3,79.7,80.1,80.5,80.8,81.1,81.3,81.6,81.8,82.0,82.3,82.5,82.6,82.7,82.7,82.5,82.3,82.0,81.4,80.8,79.9,79.0,78.1,77.2,76.4,75.6,75.0,74.3,73.7,73.1,72.5,71.9,71.3,70.8,70.3,69.8,69.3,68.8,68.4,68.0,67.6,67.2,66.7,66.3,65.9,65.4,65.0,64.5,64.0
65,Estimates,Burkina Faso,,854,Country/Area,914,15.7,15.8,16.0,16.1,16.3,16.5,16.7,16.9,17.2,17.4,17.7,17.9,18.1,18.4,18.6,18.9,19.2,19.5,19.9,20.2,20.6,20.9,21.3,21.7,22.1,22.5,22.9,23.4,23.9,24.4,24.9,25.5,26.2,26.8,27.5,28.2,29.0,29.8,30.5,31.4,32.2,33.1,34.0,34.9,35.9,36.9,37.9,39.0,40.1,41.2,42.4,43.7,44.9,46.3,47.6,49.1,50.5,52.1,53.7,55.3,57.0,58.8,60.6,62.4,64.3,66.2,68.2,70.2,72.2,74.3,76.4
27,Estimates,Burundi,,108,Country/Area,910,89.9,91.9,93.7,95.4,97.0,98.8,100.7,102.6,104.7,106.8,109.0,111.1,113.2,115.4,117.8,120.5,123.5,126.7,129.9,132.9,135.5,137.5,139.0,140.4,142.0,144.1,146.8,150.1,153.8,157.8,161.9,166.1,170.6,175.1,179.9,185.0,190.3,195.8,201.3,206.7,211.8,216.7,221.4,225.8,229.7,233.1,236.0,238.4,240.9,244.0,248.4,254.1,261.1,269.0,277.7,286.8,296.3,306.2,316.4,327.0,337.8,348.8,360.0,371.5,383.3,395.6,408.4,421.6,435.2,449.0,463.0
66,Estimates,Cabo Verde,,132,Country/Area,914,44.2,46.2,47.5,48.3,48.7,48.9,49.0,49.0,49.2,49.5,50.1,50.9,52.1,53.6,55.3,57.2,59.2,61.4,63.6,65.4,66.7,67.3,67.5,67.3,67.1,67.1,67.3,67.8,68.5,69.4,70.4,71.6,73.0,74.5,76.0,77.3,78.6,79.7,80.8,82.2,83.9,85.9,88.3,90.8,93.4,95.9,98.1,100.3,102.4,104.3,106.2,108.1,109.9,111.6,113.3,114.9,116.4,117.9,119.3,120.8,122.2,123.8,125.4,127.0,128.6,130.2,131.8,133.4,134.9,136.5,138.0
138,Estimates,Cambodia,,116,Country/Area,920,25.1,25.7,26.4,27.1,27.8,28.6,29.3,30.1,30.8,31.6,32.4,33.3,34.2,35.0,35.9,36.6,37.3,37.9,38.4,39.0,39.6,40.4,41.4,42.2,42.7,42.6,41.9,40.8,39.4,38.4,37.9,38.2,39.2,40.6,42.2,43.7,45.1,46.4,47.8,49.2,50.8,52.6,54.5,56.5,58.5,60.4,62.2,64.0,65.7,67.3,68.9,70.3,71.6,72.8,74.0,75.2,76.4,77.5,78.7,79.8,81.1,82.4,83.7,85.1,86.5,87.9,89.3,90.7,92.1,93.4,94.7
49,Estimates,Cameroon,,120,Country/Area,911,9.1,9.3,9.4,9.6,9.8,10.0,10.1,10.3,10.5,10.7,11.0,11.2,11.4,11.7,11.9,12.2,12.5,12.8,13.1,13.4,13.8,14.2,14.5,14.9,15.3,15.8,16.2,16.7,17.2,17.7,18.2,18.8,19.4,20.0,20.6,21.3,22.0,22.7,23.4,24.2,24.9,25.7,26.4,27.2,28.0,28.8,29.6,30.3,31.1,32.0,32.8,33.7,34.6,35.5,36.5,37.5,38.6,39.6,40.7,41.9,43.0,44.2,45.5,46.7,48.0,49.3,50.6,52.0,53.3,54.7,56.2
286,Estimates,Canada,,124,Country/Area,918,1.5,1.5,1.6,1.6,1.7,1.7,1.8,1.8,1.9,1.9,2.0,2.0,2.0,2.1,2.1,2.2,2.2,2.2,2.3,2.3,2.4,2.4,2.4,2.5,2.5,2.5,2.6,2.6,2.6,2.7,2.7,2.7,2.7,2.8,2.8,2.8,2.9,2.9,2.9,3.0,3.0,3.1,3.1,3.1,3.2,3.2,3.2,3.3,3.3,3.3,3.4,3.4,3.4,3.5,3.5,3.5,3.6,3.6,3.7,3.7,3.8,3.8,3.8,3.9,3.9,4.0,4.0,4.0,4.1,4.1,4.2
157,Estimates,Cayman Islands,14,136,Country/Area,915,26.7,26.1,26.0,26.3,26.9,27.8,28.8,29.9,30.9,31.9,32.8,33.4,33.9,34.2,34.6,34.9,35.2,35.5,36.0,36.8,38.1,40.0,42.2,44.9,47.9,51.0,54.3,57.7,61.2,64.5,67.5,70.2,72.7,75.0,77.8,81.1,85.1,89.7,94.9,100.1,105.4,110.6,115.8,121.1,127.2,134.0,141.9,150.6,159.7,168.4,176.3,183.1,188.9,194.3,199.6,205.3,211.4,217.8,224.3,230.5,236.1,241.2,245.7,249.7,253.5,257.2,260.7,264.1,267.4,270.6,273.8
50,Estimates,Central African Republic,,140,Country/Area,911,2.1,2.2,2.2,2.2,2.2,2.2,2.3,2.3,2.3,2.4,2.4,2.4,2.5,2.5,2.6,2.6,2.7,2.7,2.8,2.9,2.9,3.0,3.0,3.0,3.1,3.1,3.2,3.3,3.4,3.4,3.5,3.6,3.7,3.9,4.0,4.1,4.2,4.2,4.3,4.4,4.5,4.6,4.8,4.9,5.0,5.2,5.3,5.4,5.6,5.7,5.8,6.0,6.1,6.2,6.4,6.5,6.6,6.7,6.9,7.0,7.0,7.1,7.1,7.1,7.2,7.2,7.3,7.4,7.5,7.6,7.8
51,Estimates,Chad,,148,Country/Area,911,2.0,2.0,2.1,2.1,2.1,2.2,2.2,2.3,2.3,2.3,2.4,2.4,2.5,2.5,2.6,2.6,2.7,2.7,2.8,2.8,2.9,3.0,3.0,3.1,3.2,3.2,3.3,3.4,3.4,3.5,3.6,3.7,3.7,3.8,3.9,4.0,4.2,4.3,4.4,4.6,4.7,4.9,5.0,5.2,5.4,5.6,5.8,6.0,6.2,6.4,6.6,6.9,7.2,7.4,7.7,8.0,8.3,8.6,8.9,9.2,9.5,9.8,10.2,10.5,10.9,11.2,11.6,11.9,12.3,12.7,13.0
244,Estimates,Channel Islands,24,830,Country/Area,924,538.1,541.9,545.6,549.1,552.4,555.8,559.3,563.0,566.9,571.2,575.9,581.0,586.7,592.6,598.8,605.2,611.7,618.3,624.9,631.4,637.9,644.2,650.6,656.4,661.5,665.4,667.9,669.4,670.5,672.1,674.8,678.9,684.1,690.3,697.1,704.2,711.8,719.8,727.6,734.6,740.4,744.6,747.4,749.5,751.9,755.2,759.7,765.2,771.1,776.6,781.3,784.7,787.3,789.8,793.3,798.3,805.3,813.9,823.4,832.6,840.6,847.3,852.9,858.1,863.7,870.5,878.5,887.7,897.3,906.7,915.0
191,Estimates,Chile,,152,Country/Area,931,8.9,9.1,9.2,9.4,9.6,9.8,10.1,10.3,10.5,10.7,10.9,11.2,11.4,11.6,11.9,12.1,12.3,12.5,12.7,12.9,13.2,13.4,13.6,13.8,14.0,14.2,14.5,14.7,14.9,15.1,15.4,15.6,15.8,16.0,16.2,16.5,16.7,17.0,17.3,17.6,17.9,18.2,18.5,18.8,19.1,19.3,19.6,19.9,20.1,20.4,20.6,20.9,21.1,21.3,21.5,21.8,22.0,22.2,22.5,22.7,22.9,23.2,23.4,23.6,23.9,24.2,24.5,24.8,25.2,25.5,25.7
128,Estimates,China,9,156,Country/Area,906,59.1,60.7,62.1,63.2,64.2,65.2,66.2,67.2,68.2,69.3,70.3,71.5,72.7,74.0,75.4,77.1,79.1,81.2,83.5,85.9,88.2,90.4,92.6,94.7,96.8,98.7,100.4,102.0,103.6,105.0,106.5,108.0,109.5,111.0,112.7,114.6,116.6,118.9,121.2,123.4,125.4,127.1,128.5,129.8,131.0,132.2,133.3,134.4,135.5,136.5,137.5,138.4,139.3,140.1,140.9,141.7,142.6,143.4,144.2,145.0,145.8,146.6,147.4,148.3,149.1,149.9,150.6,151.4,152.1,152.7,153.3
129,Estimates,"China, Hong Kong SAR",10,344,Country/Area,906,1880.0,1959.8,2047.7,2143.5,2246.4,2354.9,2467.2,2580.8,2692.9,2800.5,2901.0,2992.9,3076.5,3153.8,3228.2,3302.1,3377.0,3452.4,3526.8,3598.3,3665.6,3727.2,3784.9,3845.5,3918.1,4008.5,4120.3,4249.9,4387.6,4519.9,4636.9,4734.9,4817.2,4889.2,4959.8,5035.3,5117.6,5204.5,5292.7,5377.4,5455.2,5523.8,5585.5,5646.0,5713.9,5794.5,5891.0,5999.9,6111.4,6211.9,6291.7,6347.4,6382.6,6404.5,6423.4,6447.2,6478.2,6514.3,6554.2,6594.9,6634.6,6673.0,6711.3,6751.2,6794.9,6843.8,6898.6,6958.4,7020.7,7082.1,7140.0
130,Estimates,"China, Macao SAR",11,446,Country/Area,906,6571.0,6705.4,6731.4,6665.3,6526.2,6336.4,6121.5,5911.4,5736.6,5628.2,5611.9,5701.2,5892.6,6162.0,6473.4,6796.8,7130.1,7472.1,7792.7,8054.7,8233.9,8319.2,8320.1,8259.0,8170.2,8081.3,7995.8,7915.4,7865.4,7874.2,7962.7,8139.6,8399.8,8726.5,9094.1,9481.3,9886.2,10307.1,10728.2,11129.9,11498.9,11826.9,12117.3,12381.1,12635.6,12893.5,13156.4,13423.2,13699.7,13992.9,14306.8,14646.4,15010.5,15389.9,15772.6,16149.3,16515.2,16873.0,17231.8,17605.4,18000.5,18422.5,18864.1,19310.0,19739.5,20136.9,20495.8,20822.0,21124.8,21419.6,21717.1
131,Estimates,"China, Taiwan Province of China",12,158,Country/Area,906,214.7,224.0,233.0,241.9,250.7,259.5,268.5,277.6,287.0,296.9,307.1,317.9,329.2,340.7,352.5,364.3,376.2,388.1,399.8,411.0,421.5,431.2,440.2,448.6,456.8,465.0,473.2,481.3,489.5,497.6,505.7,513.7,521.8,529.8,537.6,545.1,552.4,559.4,566.0,572.3,578.3,584.0,589.3,594.3,598.9,603.1,606.9,610.2,613.4,616.7,620.3,624.4,628.7,633.1,637.4,641.2,644.6,647.5,650.1,652.5,654.8,657.1,659.3,661.4,663.4,665.3,667.0,668.6,670.0,671.4,672.6
192,Estimates,Colombia,,170,Country/Area,931,10.8,11.1,11.4,11.7,12.1,12.4,12.8,13.2,13.6,14.0,14.5,14.9,15.4,15.9,16.4,16.9,17.4,17.9,18.4,18.9,19.4,19.8,20.3,20.8,21.2,21.7,22.2,22.7,23.2,23.7,24.2,24.8,25.3,25.9,26.4,27.0,27.6,28.1,28.7,29.3,29.8,30.4,31.0,31.6,32.2,32.8,33.4,34.0,34.6,35.2,35.7,36.3,36.8,37.4,37.9,38.4,38.9,39.4,39.9,40.3,40.8,41.2,41.5,41.9,42.3,42.8,43.4,44.1,44.8,45.4,45.9
28,Estimates,Comoros,,174,Country/Area,910,85.7,87.7,89.5,91.2,92.9,94.5,96.2,97.8,99.4,101.1,102.7,104.3,106.0,107.7,109.5,111.5,113.6,116.0,118.5,121.1,123.6,126.1,128.5,131.2,134.4,138.3,142.9,148.3,154.0,159.8,165.4,170.7,175.7,180.6,185.6,190.9,196.5,202.4,208.5,214.7,221.2,227.8,234.5,241.4,248.4,255.5,262.6,269.7,276.9,284.2,291.4,298.7,306.0,313.4,320.9,328.7,336.6,344.8,353.2,361.8,370.6,379.7,389.0,398.4,408.1,417.8,427.5,437.3,447.2,457.2,467.3
52,Estimates,Congo,,178,Country/Area,911,2.4,2.5,2.5,2.6,2.6,2.7,2.7,2.8,2.8,2.9,3.0,3.1,3.1,3.2,3.3,3.4,3.5,3.6,3.7,3.8,3.9,4.0,4.1,4.2,4.4,4.5,4.6,4.8,4.9,5.1,5.2,5.4,5.5,5.7,5.8,6.0,6.2,6.4,6.5,6.7,6.9,7.1,7.3,7.5,7.7,7.9,8.2,8.4,8.6,8.9,9.2,9.4,9.7,10.0,10.3,10.6,11.0,11.4,11.7,12.1,12.5,12.9,13.2,13.5,13.9,14.2,14.6,15.0,15.4,15.8,16.2
222,Estimates,Cook Islands,21,184,Country/Area,957,62.8,64.2,65.1,66.0,66.9,68.1,69.6,71.3,73.1,74.7,75.9,76.6,76.9,77.1,77.6,78.7,80.5,82.9,85.4,87.4,88.8,89.2,88.8,87.7,86.2,84.3,82.0,79.5,76.8,74.6,73.0,72.1,72.0,72.3,72.8,73.3,73.8,74.1,74.6,75.1,75.8,76.7,77.8,78.9,79.5,79.6,79.0,77.7,76.3,75.2,74.7,75.1,76.1,77.5,78.7,79.5,79.6,79.1,78.4,77.5,76.6,75.8,75.0,74.3,73.7,73.3,73.0,72.9,73.0,73.1,73.2
180,Estimates,Costa Rica,,188,Country/Area,916,18.5,19.0,19.6,20.3,21.0,21.7,22.5,23.4,24.2,25.1,26.1,27.1,28.1,29.1,30.2,31.2,32.2,33.2,34.2,35.2,36.2,37.1,38.1,39.0,40.0,41.0,42.1,43.2,44.4,45.6,46.8,48.1,49.4,50.8,52.2,53.6,55.0,56.5,58.0,59.5,61.1,62.7,64.4,66.0,67.7,69.4,71.1,72.8,74.5,76.1,77.6,79.0,80.3,81.6,82.7,83.9,85.1,86.3,87.4,88.5,89.6,90.7,91.8,92.9,93.9,94.9,96.0,96.9,97.9,98.9,99.8
67,Estimates,Côte d'Ivoire,,384,Country/Area,914,8.3,8.5,8.7,8.9,9.2,9.4,9.7,10.0,10.3,10.7,11.0,11.4,11.9,12.3,12.8,13.3,13.8,14.3,14.8,15.4,16.0,16.8,17.5,18.4,19.2,20.2,21.1,22.1,23.1,24.2,25.3,26.4,27.6,28.8,30.0,31.2,32.4,33.6,34.9,36.2,37.5,38.9,40.3,41.7,43.2,44.7,46.1,47.6,49.0,50.4,51.7,53.0,54.2,55.3,56.5,57.7,59.0,60.3,61.7,63.1,64.6,66.1,67.8,69.5,71.2,73.0,74.9,76.8,78.8,80.9,83.0
261,Estimates,Croatia,,191,Country/Area,925,68.8,69.4,70.1,70.7,71.4,72.0,72.6,73.2,73.8,74.4,74.9,75.5,76.0,76.5,76.9,77.4,77.7,78.1,78.4,78.7,79.0,79.3,79.6,79.9,80.1,80.4,80.7,81.1,81.4,81.8,82.2,82.6,83.0,83.4,83.9,84.3,84.7,85.0,85.3,85.4,85.4,85.1,84.6,83.9,83.2,82.5,81.8,81.0,80.3,79.6,79.1,78.8,78.6,78.4,78.3,78.2,78.1,78.0,77.8,77.6,77.3,77.1,76.8,76.4,76.0,75.6,75.2,74.7,74.3,73.8,73.4
158,Estimates,Cuba,,192,Country/Area,915,55.6,56.8,58.0,59.2,60.4,61.4,62.5,63.6,64.6,65.8,67.1,68.5,70.0,71.6,73.2,74.8,76.2,77.7,79.0,80.4,81.9,83.3,84.8,86.2,87.6,88.7,89.8,90.6,91.4,92.0,92.5,93.0,93.4,93.8,94.2,94.9,95.7,96.6,97.7,98.7,99.6,100.3,100.9,101.4,101.8,102.3,102.8,103.2,103.7,104.1,104.5,104.9,105.2,105.5,105.7,105.8,105.8,105.7,105.6,105.5,105.5,105.6,105.8,106.0,106.2,106.4,106.5,106.5,106.5,106.5,106.4
159,Estimates,Curaçao,15,531,Country/Area,915,225.6,235.5,243.9,251.1,257.5,263.3,268.7,273.6,278.1,282.2,285.9,289.2,292.1,294.9,298.0,301.5,305.5,310.0,314.6,319.2,323.5,327.6,331.4,334.7,337.1,338.4,338.4,337.2,335.5,334.0,333.3,333.8,335.2,336.9,338.3,338.7,338.0,336.3,334.1,332.0,330.4,329.4,328.9,328.3,326.9,324.1,319.8,314.3,308.3,302.5,297.6,293.7,290.7,289.2,289.9,293.1,299.1,307.6,317.6,327.4,336.0,343.0,348.7,353.1,356.8,360.0,362.7,364.8,366.6,368.1,369.6
94,Estimates,Cyprus,6,196,Country/Area,922,53.5,54.2,54.8,55.6,56.4,57.4,58.4,59.5,60.5,61.4,62.0,62.4,62.5,62.5,62.6,62.9,63.3,64.0,64.8,65.6,66.4,67.2,68.0,68.7,69.5,70.3,71.2,72.0,72.9,73.6,74.2,74.6,74.9,75.1,75.5,76.2,77.1,78.3,79.7,81.3,83.0,84.8,86.6,88.6,90.6,92.6,94.5,96.4,98.3,100.2,102.1,103.9,105.7,107.5,109.4,111.2,113.2,115.1,117.1,118.8,120.4,121.7,122.8,123.8,124.7,125.6,126.6,127.7,128.7,129.7,130.7
235,Estimates,Czechia,,203,Country/Area,923,115.3,116.6,117.9,119.2,120.3,121.2,122.0,122.6,123.1,123.6,124.2,124.8,125.5,126.1,126.7,127.0,127.1,127.1,127.0,126.9,127.1,127.5,128.1,128.8,129.6,130.4,131.2,132.1,132.9,133.5,134.0,134.2,134.2,134.1,133.9,133.8,133.7,133.7,133.8,133.8,133.9,134.0,134.0,134.1,134.1,134.1,134.0,133.8,133.7,133.4,133.2,133.0,132.7,132.6,132.6,132.8,133.3,134.1,135.0,135.8,136.4,136.8,137.0,137.1,137.1,137.3,137.5,137.8,138.1,138.4,138.6
132,Estimates,Dem. People's Republic of Korea,,408,Country/Area,906,87.6,85.1,83.5,82.7,82.8,83.8,85.4,87.6,90.1,92.6,94.9,96.9,98.6,100.2,102.0,104.2,106.8,109.8,113.0,116.4,119.7,123.0,126.3,129.5,132.5,135.2,137.5,139.5,141.3,143.1,145.1,147.3,149.6,152.0,154.4,156.8,159.1,161.4,163.7,166.0,168.5,171.2,173.9,176.6,179.2,181.6,183.7,185.5,187.2,188.8,190.4,192.1,193.8,195.5,197.1,198.5,199.8,200.9,201.9,202.9,203.9,204.9,206.0,207.0,208.1,209.2,210.2,211.2,212.2,213.2,214.1
53,Estimates,Democratic Republic of the Congo,,180,Country/Area,911,5.4,5.5,5.6,5.7,5.8,6.0,6.1,6.2,6.4,6.6,6.7,6.9,7.1,7.3,7.5,7.7,7.9,8.1,8.3,8.6,8.8,9.1,9.3,9.6,9.8,10.1,10.4,10.7,11.0,11.3,11.6,11.9,12.2,12.5,12.8,13.2,13.5,13.9,14.3,14.8,15.3,15.8,16.5,17.1,17.8,18.3,18.9,19.3,19.8,20.3,20.8,21.4,22.0,22.7,23.4,24.2,25.0,25.8,26.6,27.5,28.5,29.4,30.4,31.5,32.5,33.6,34.8,35.9,37.1,38.3,39.5
245,Estimates,Denmark,25,208,Country/Area,924,100.6,101.6,102.4,103.2,104.0,104.7,105.3,105.9,106.6,107.3,108.0,108.7,109.6,110.4,111.3,112.2,113.0,113.9,114.7,115.5,116.2,116.9,117.6,118.2,118.8,119.3,119.8,120.1,120.4,120.6,120.8,120.8,120.7,120.7,120.6,120.5,120.5,120.6,120.7,120.9,121.2,121.5,121.9,122.3,122.8,123.3,123.8,124.4,124.9,125.4,125.9,126.3,126.6,127.0,127.3,127.8,128.3,128.9,129.6,130.2,130.9,131.6,132.2,132.9,133.5,134.1,134.6,135.1,135.6,136.0,136.5
29,Estimates,Djibouti,,262,Country/Area,910,2.7,2.7,2.8,2.9,2.9,3.0,3.1,3.2,3.3,3.4,3.6,3.8,4.1,4.3,4.6,5.0,5.3,5.7,6.1,6.5,6.9,7.3,7.7,8.2,8.9,9.7,10.7,12.0,13.3,14.5,15.5,16.2,16.6,17.0,17.5,18.4,19.6,21.2,22.8,24.3,25.5,26.2,26.5,26.7,26.8,27.2,27.8,28.5,29.4,30.2,31.0,31.6,32.2,32.8,33.3,33.8,34.3,34.7,35.2,35.7,36.2,36.8,37.5,38.1,38.8,39.4,40.1,40.7,41.4,42.0,42.6
160,Estimates,Dominica,,212,Country/Area,915,68.1,68.9,69.7,70.6,71.6,72.7,74.1,75.5,77.0,78.6,80.0,81.4,82.6,83.9,85.2,86.7,88.4,90.2,92.0,93.6,94.8,95.4,95.6,95.7,95.8,96.1,96.9,97.9,99.0,99.9,100.4,100.4,100.0,99.3,98.5,97.6,96.7,95.8,94.9,94.3,93.9,93.8,94.1,94.4,94.7,94.8,94.6,94.1,93.6,93.1,92.9,92.9,93.1,93.5,93.8,94.1,94.3,94.4,94.4,94.5,94.5,94.5,94.6,94.7,94.8,94.9,95.1,95.3,95.5,95.7,96.0
161,Estimates,Dominican Republic,,214,Country/Area,915,48.9,50.5,52.1,53.8,55.7,57.6,59.5,61.6,63.7,65.9,68.2,70.5,72.9,75.3,77.8,80.3,82.8,85.3,87.9,90.5,93.1,95.8,98.4,101.1,103.8,106.5,109.2,111.9,114.6,117.4,120.1,122.8,125.6,128.3,131.0,133.8,136.5,139.3,142.0,144.8,147.6,150.5,153.3,156.2,159.0,161.8,164.6,167.3,170.0,172.7,175.3,178.0,180.6,183.2,185.7,188.3,190.8,193.3,195.7,198.2,200.6,203.1,205.5,208.0,210.4,212.8,215.2,217.6,219.9,222.2,224.5
193,Estimates,Ecuador,,218,Country/Area,931,14.0,14.3,14.7,15.1,15.5,15.9,16.4,16.8,17.3,17.8,18.3,18.8,19.4,19.9,20.5,21.1,21.7,22.4,23.1,23.7,24.4,25.2,25.9,26.6,27.4,28.2,28.9,29.7,30.5,31.3,32.2,33.0,33.9,34.7,35.6,36.5,37.4,38.3,39.3,40.2,41.2,42.2,43.1,44.1,45.1,46.1,47.1,48.1,49.1,50.1,51.1,52.0,52.9,53.8,54.7,55.7,56.6,57.6,58.5,59.5,60.4,61.4,62.3,63.2,64.2,65.3,66.4,67.6,68.8,70.0,71.0
84,Estimates,Egypt,,818,Country/Area,912,20.5,21.0,21.6,22.1,22.7,23.3,24.0,24.6,25.3,26.0,26.8,27.5,28.2,29.0,29.8,30.6,31.4,32.2,33.0,33.9,34.7,35.5,36.3,37.1,37.9,38.7,39.6,40.5,41.5,42.5,43.5,44.6,45.7,46.9,48.2,49.5,50.8,52.2,53.6,55.0,56.4,57.7,58.9,60.2,61.4,62.6,63.9,65.2,66.5,67.8,69.1,70.5,71.8,73.2,74.5,75.9,77.2,78.6,80.0,81.5,83.1,84.9,86.8,88.8,90.8,92.9,94.9,96.9,98.9,100.8,102.8
181,Estimates,El Salvador,,222,Country/Area,916,106.2,108.0,110.1,112.3,114.8,117.4,120.2,123.2,126.4,129.9,133.5,137.4,141.5,145.7,150.1,154.5,159.0,163.5,168.0,172.6,177.3,182.0,186.6,191.3,196.0,200.5,205.0,209.4,213.6,217.7,221.6,225.2,228.6,231.9,235.1,238.3,241.4,244.6,247.7,251.0,254.3,257.8,261.4,265.0,268.4,271.7,274.6,277.3,279.8,282.1,284.2,286.1,287.7,289.3,290.7,292.1,293.4,294.7,295.9,297.2,298.4,299.7,301.1,302.4,303.8,305.3,306.8,308.3,309.9,311.5,313.0
54,Estimates,Equatorial Guinea,,226,Country/Area,911,8.0,8.2,8.3,8.4,8.5,8.6,8.6,8.7,8.9,9.0,9.1,9.2,9.3,9.5,9.6,9.9,10.1,10.4,10.7,10.8,10.8,10.7,10.3,9.9,9.5,9.1,8.8,8.6,8.5,8.6,8.9,9.4,10.1,11.0,11.8,12.6,13.2,13.7,14.1,14.5,14.9,15.4,15.9,16.5,17.1,17.7,18.4,19.1,19.9,20.7,21.6,22.5,23.5,24.5,25.6,26.7,28.0,29.3,30.7,32.1,33.6,35.2,36.8,38.4,40.0,41.7,43.3,45.0,46.7,48.3,50.0
30,Estimates,Eritrea,,232,Country/Area,910,8.1,8.3,8.4,8.6,8.7,8.9,9.1,9.3,9.5,9.7,10.0,10.2,10.5,10.8,11.1,11.4,11.7,12.0,12.3,12.6,13.0,13.3,13.7,14.1,14.5,14.9,15.3,15.8,16.2,16.7,17.2,17.7,18.2,18.7,19.3,19.8,20.4,21.1,21.6,22.1,22.4,22.4,22.4,22.2,22.0,21.8,21.7,21.7,21.8,22.2,22.7,23.5,24.6,25.8,26.9,28.0,28.9,29.7,30.3,30.9,31.4,31.8,32.2,32.5,32.8,33.1,33.4,33.8,34.2,34.6,35.1
246,Estimates,Estonia,,233,Country/Area,924,26.0,26.3,26.5,26.8,27.1,27.3,27.6,27.9,28.1,28.4,28.7,29.0,29.4,29.7,30.1,30.4,30.8,31.1,31.5,31.8,32.1,32.4,32.7,33.0,33.3,33.5,33.8,34.1,34.3,34.5,34.8,35.0,35.2,35.4,35.6,35.9,36.2,36.6,36.9,37.0,36.9,36.5,35.9,35.1,34.4,33.8,33.4,33.3,33.2,33.1,33.0,32.8,32.6,32.4,32.2,32.0,31.8,31.7,31.6,31.5,31.4,31.3,31.2,31.1,31.1,31.0,31.1,31.1,31.2,31.3,31.3
59,Estimates,Eswatini,,748,Country/Area,913,15.9,16.2,16.6,16.9,17.3,17.6,18.0,18.4,18.8,19.2,19.6,20.0,20.4,20.8,21.2,21.7,22.3,23.0,23.6,24.3,25.1,25.8,26.6,27.4,28.2,29.1,30.0,30.9,32.0,33.0,34.2,35.4,36.6,37.9,39.3,40.6,42.1,43.5,45.0,46.4,47.8,49.1,50.4,51.6,52.8,53.9,55.0,56.0,57.0,57.8,58.5,58.9,59.2,59.5,59.7,59.9,60.2,60.6,61.0,61.5,61.9,62.3,62.7,63.2,63.7,64.2,64.8,65.4,66.1,66.8,67.5
31,Estimates,Ethiopia,,231,Country/Area,910,18.1,18.5,18.8,19.2,19.6,19.9,20.3,20.8,21.2,21.7,22.2,22.7,23.2,23.8,24.4,25.0,25.6,26.3,26.9,27.7,28.4,29.2,30.1,31.0,31.9,32.6,33.1,33.6,34.0,34.5,35.1,36.0,37.0,38.1,39.4,40.7,42.0,43.3,44.8,46.3,47.9,49.6,51.4,53.3,55.2,57.0,58.9,60.7,62.5,64.3,66.2,68.2,70.1,72.2,74.2,76.3,78.5,80.7,82.9,85.2,87.6,90.1,92.7,95.4,98.1,100.8,103.6,106.4,109.2,112.1,115.0
194,Estimates,Falkland Islands (Malvinas),17,238,Country/Area,931,0.2,0.2,0.2,0.2,0.2,0.2,0.2,0.2,0.2,0.2,0.2,0.2,0.2,0.2,0.2,0.2,0.2,0.2,0.2,0.2,0.2,0.2,0.2,0.2,0.2,0.2,0.2,0.2,0.2,0.2,0.2,0.2,0.2,0.2,0.2,0.2,0.2,0.2,0.2,0.2,0.2,0.2,0.2,0.2,0.2,0.2,0.2,0.2,0.2,0.2,0.2,0.2,0.2,0.2,0.2,0.2,0.2,0.2,0.2,0.2,0.2,0.2,0.2,0.2,0.2,0.2,0.2,0.3,0.3,0.3,0.3
247,Estimates,Faroe Islands,26,234,Country/Area,924,22.6,22.6,22.7,22.8,23.0,23.3,23.5,23.8,24.1,24.5,24.8,25.1,25.4,25.8,26.1,26.4,26.7,27.0,27.3,27.6,27.9,28.3,28.6,28.9,29.3,29.6,29.9,30.2,30.5,30.8,31.0,31.3,31.6,31.9,32.2,32.5,32.8,33.2,33.5,33.8,33.9,33.8,33.5,33.1,32.8,32.7,32.7,32.8,33.0,33.3,33.5,33.7,33.8,34.0,34.1,34.2,34.2,34.3,34.3,34.3,34.2,34.3,34.3,34.3,34.4,34.4,34.5,34.6,34.7,34.9,35.0
207,Estimates,Fiji,,242,Country/Area,928,15.8,16.2,16.7,17.2,17.8,18.3,18.9,19.5,20.2,20.8,21.5,22.3,23.1,23.9,24.7,25.4,26.1,26.7,27.3,27.9,28.5,29.1,29.7,30.3,30.9,31.6,32.2,32.7,33.4,34.0,34.8,35.6,36.6,37.5,38.3,39.0,39.3,39.5,39.6,39.7,39.9,40.3,40.7,41.3,41.9,42.4,42.9,43.4,43.8,44.1,44.4,44.5,44.6,44.7,44.8,45.0,45.3,45.8,46.3,46.7,47.1,47.3,47.3,47.4,47.4,47.5,47.8,48.0,48.4,48.7,49.1
248,Estimates,Finland,27,246,Country/Area,924,13.2,13.3,13.5,13.6,13.8,13.9,14.1,14.2,14.4,14.5,14.6,14.7,14.8,14.9,15.0,15.0,15.1,15.1,15.1,15.1,15.2,15.2,15.3,15.4,15.5,15.5,15.6,15.6,15.7,15.7,15.8,15.8,15.9,16.0,16.1,16.2,16.2,16.3,16.3,16.4,16.4,16.5,16.6,16.7,16.8,16.8,16.9,17.0,17.0,17.0,17.1,17.1,17.2,17.2,17.3,17.3,17.4,17.4,17.5,17.6,17.7,17.7,17.8,17.9,18.0,18.0,18.1,18.1,18.2,18.2,18.2
277,Estimates,France,33,250,Country/Area,926,76.4,76.8,77.3,77.9,78.6,79.3,80.0,80.8,81.6,82.4,83.4,84.5,85.7,86.9,88.0,89.0,89.9,90.7,91.4,92.0,92.7,93.4,94.2,94.9,95.6,96.2,96.7,97.2,97.6,98.0,98.4,98.8,99.3,99.9,100.4,100.9,101.4,102.0,102.5,103.0,103.5,103.9,104.4,104.8,105.2,105.6,105.9,106.3,106.7,107.2,107.8,108.5,109.2,110.0,110.9,111.6,112.3,113.0,113.6,114.2,114.8,115.5,116.1,116.7,117.2,117.7,118.1,118.4,118.7,118.9,119.2
195,Estimates,French Guiana,2,254,Country/Area,931,0.3,0.3,0.3,0.3,0.3,0.3,0.4,0.4,0.4,0.4,0.4,0.4,0.4,0.4,0.5,0.5,0.5,0.5,0.5,0.6,0.6,0.6,0.6,0.6,0.7,0.7,0.7,0.7,0.8,0.8,0.8,0.9,0.9,0.9,1.0,1.1,1.1,1.2,1.3,1.3,1.4,1.5,1.5,1.6,1.6,1.7,1.7,1.8,1.8,1.9,2.0,2.1,2.2,2.3,2.4,2.5,2.6,2.6,2.7,2.8,2.8,2.9,3.0,3.0,3.1,3.2,3.3,3.3,3.4,3.5,3.6
223,Estimates,French Polynesia,2,258,Country/Area,957,16.5,17.0,17.4,17.9,18.4,18.8,19.2,19.7,20.2,20.7,21.3,22.1,22.9,23.7,24.6,25.5,26.4,27.3,28.2,29.2,30.2,31.3,32.4,33.5,34.7,35.9,37.0,38.2,39.4,40.6,41.9,43.2,44.4,45.8,47.1,48.4,49.7,51.0,52.3,53.5,54.6,55.7,56.6,57.6,58.5,59.6,60.7,62.0,63.3,64.5,65.8,66.9,68.0,69.0,69.9,70.7,71.3,71.8,72.1,72.5,72.8,73.1,73.5,73.9,74.2,74.6,75.0,75.4,75.9,76.3,76.7
55,Estimates,Gabon,,266,Country/Area,911,1.8,1.8,1.9,1.9,1.9,1.9,1.9,1.9,1.9,1.9,1.9,2.0,2.0,2.0,2.0,2.1,2.1,2.2,2.2,2.2,2.3,2.3,2.4,2.4,2.5,2.5,2.6,2.6,2.7,2.8,2.8,2.9,3.0,3.0,3.1,3.2,3.3,3.4,3.5,3.6,3.7,3.8,3.9,4.0,4.1,4.2,4.3,4.4,4.5,4.7,4.8,4.9,5.0,5.1,5.3,5.4,5.6,5.7,5.9,6.1,6.3,6.5,6.8,7.1,7.3,7.6,7.8,8.0,8.2,8.4,8.6
68,Estimates,Gambia,,270,Country/Area,914,30.1,30.5,31.0,31.5,32.0,32.6,33.2,33.9,34.6,35.3,36.1,36.8,37.5,38.3,39.1,40.0,41.1,42.2,43.3,44.6,45.9,47.2,48.7,50.1,51.7,53.4,55.1,57.0,58.9,60.9,63.0,65.0,67.0,69.2,71.7,74.7,78.2,82.1,86.3,90.5,94.4,98.1,101.5,104.8,108.1,111.5,115.0,118.6,122.3,126.2,130.2,134.4,138.8,143.3,147.9,152.5,157.3,162.0,166.9,172.0,177.2,182.6,188.2,194.0,200.0,206.1,212.4,218.8,225.3,232.0,238.8
95,Estimates,Georgia,7,268,Country/Area,922,50.8,51.2,51.6,52.2,52.8,53.4,54.2,55.0,55.8,56.7,57.7,58.7,59.7,60.8,61.8,62.9,64.0,65.1,66.1,67.0,67.8,68.5,69.0,69.4,69.8,70.1,70.5,70.9,71.3,71.7,72.2,72.7,73.2,73.7,74.3,75.0,75.8,76.7,77.4,77.9,77.9,77.3,76.3,75.0,73.4,71.6,69.7,67.8,65.8,64.1,62.8,61.8,61.3,61.0,60.8,60.6,60.3,60.0,59.6,59.3,59.0,58.7,58.5,58.3,58.1,57.9,57.8,57.7,57.6,57.5,57.4
278,Estimates,Germany,,276,Country/Area,926,200.7,201.7,202.6,203.5,204.4,205.2,206.1,207.1,208.1,209.3,210.6,212.1,213.7,215.4,217.1,218.8,220.4,221.9,223.3,224.5,225.4,226.0,226.4,226.5,226.4,226.2,226.0,225.7,225.4,225.0,224.6,224.1,223.6,223.1,222.9,222.9,223.2,223.8,224.7,225.7,226.8,228.1,229.4,230.7,231.9,232.8,233.3,233.5,233.5,233.5,233.5,233.7,233.9,234.1,234.2,234.1,233.7,233.2,232.6,232.1,231.9,232.0,232.3,232.9,233.7,234.6,235.8,237.1,238.5,239.6,240.4
69,Estimates,Ghana,,288,Country/Area,914,22.1,22.6,23.2,23.8,24.5,25.2,25.9,26.7,27.5,28.3,29.2,30.1,31.1,32.1,33.1,34.0,34.9,35.7,36.6,37.4,38.4,39.4,40.6,41.7,42.8,43.9,44.8,45.7,46.5,47.5,48.6,49.9,51.3,52.9,54.5,56.2,57.9,59.6,61.3,63.1,64.9,66.8,68.8,70.8,72.8,74.8,76.7,78.7,80.7,82.7,84.7,86.8,89.0,91.2,93.5,95.9,98.4,100.9,103.6,106.2,108.9,111.6,114.3,116.9,119.6,122.4,125.2,128.0,130.8,133.7,136.6
262,Estimates,Gibraltar,14,292,Country/Area,925,2203.2,2228.7,2248.9,2263.2,2272.9,2278.4,2282.6,2288.1,2297.7,2314.5,2342.0,2380.8,2430.7,2488.9,2547.8,2607.9,2663.1,2717.2,2769.3,2816.5,2860.1,2900.7,2935.3,2965.7,2988.6,3006.2,3017.9,3022.8,3022.4,3017.2,3006.8,2990.2,2969.8,2948.1,2928.4,2915.1,2909.6,2911.4,2916.4,2918.7,2914.9,2902.1,2884.4,2868.0,2860.5,2868.8,2897.0,2940.4,2994.5,3052.6,3108.1,3160.4,3209.7,3255.6,3293.0,3322.2,3342.0,3352.4,3357.0,3356.2,3358.5,3360.8,3365.3,3369.4,3372.6,3374.2,3373.8,3372.3,3371.5,3370.6,3369.1
263,Estimates,Greece,,300,Country/Area,925,59.5,60.1,60.6,61.2,61.7,62.1,62.6,63.1,63.5,63.8,64.2,64.5,64.8,65.1,65.3,65.6,65.9,66.2,66.5,66.8,67.2,67.6,68.1,68.6,69.2,69.9,70.8,71.8,72.8,73.8,74.7,75.4,76.0,76.5,76.9,77.3,77.7,78.0,78.4,78.8,79.3,80.0,80.8,81.7,82.6,83.4,84.0,84.6,85.1,85.6,86.0,86.4,86.8,87.0,87.2,87.1,86.8,86.3,85.7,85.0,84.5,84.0,83.6,83.3,83.0,82.7,82.4,82.0,81.6,81.3,80.9
287,Estimates,Greenland,26,304,Country/Area,918,0.1,0.1,0.1,0.1,0.1,0.1,0.1,0.1,0.1,0.1,0.1,0.1,0.1,0.1,0.1,0.1,0.1,0.1,0.1,0.1,0.1,0.1,0.1,0.1,0.1,0.1,0.1,0.1,0.1,0.1,0.1,0.1,0.1,0.1,0.1,0.1,0.1,0.1,0.1,0.1,0.1,0.1,0.1,0.1,0.1,0.1,0.1,0.1,0.1,0.1,0.1,0.1,0.1,0.1,0.1,0.1,0.1,0.1,0.1,0.1,0.1,0.1,0.1,0.1,0.1,0.1,0.1,0.1,0.1,0.1,0.1
162,Estimates,Grenada,,308,Country/Area,915,225.5,225.4,227.0,229.9,233.8,238.5,243.8,249.2,254.6,259.8,264.5,268.6,272.0,274.7,276.8,278.3,279.2,279.4,279.2,278.6,277.9,277.1,276.4,275.5,274.1,272.0,269.0,265.4,262.1,260.6,261.9,266.5,273.9,282.4,289.6,294.0,294.7,292.4,288.6,285.1,283.3,283.7,285.8,288.9,292.2,295.0,297.1,298.7,300.1,301.3,302.5,303.7,304.8,305.9,306.9,307.8,308.6,309.4,310.2,311.1,312.4,314.1,316.0,318.2,320.3,322.4,324.3,326.1,327.8,329.4,330.9
163,Estimates,Guadeloupe,2,312,Country/Area,915,129.0,131.0,133.6,136.9,140.7,145.0,149.8,154.8,159.9,164.7,169.0,172.8,176.0,178.8,181.5,184.3,187.3,190.3,193.2,195.7,197.7,199.1,200.0,200.6,201.1,201.8,202.7,203.9,205.1,206.1,206.8,207.0,206.8,206.8,207.9,210.5,215.0,221.1,227.8,234.1,239.1,242.4,244.3,245.3,246.4,248.0,250.5,253.5,256.5,258.6,259.2,258.1,255.6,252.4,249.4,247.5,246.8,247.2,248.1,249.0,249.4,249.2,248.4,247.4,246.5,245.9,245.6,245.5,245.6,245.7,245.8
213,Estimates,Guam,16,316,Country/Area,954,110.5,111.6,112.7,113.8,114.9,116.0,117.1,118.4,119.8,121.5,123.6,126.0,128.9,132.0,135.3,138.6,141.9,145.2,148.5,151.9,155.3,158.8,162.2,165.7,169.2,172.9,176.6,180.5,184.5,188.6,192.8,197.2,201.7,206.3,211.0,215.9,220.8,225.8,230.9,236.2,241.6,247.3,253.1,258.9,264.5,269.6,274.2,278.3,282.0,285.1,287.6,289.6,291.1,292.1,292.8,293.3,293.8,294.2,294.5,294.9,295.3,295.7,296.3,297.1,298.2,299.7,301.8,304.2,307.0,309.8,312.6
182,Estimates,Guatemala,,320,Country/Area,916,29.1,30.0,30.9,31.9,32.8,33.8,34.9,35.9,37.0,38.1,39.3,40.5,41.7,42.9,44.1,45.4,46.8,48.2,49.6,51.0,52.5,53.9,55.4,57.0,58.5,60.0,61.6,63.1,64.7,66.3,68.0,69.7,71.4,73.2,75.1,76.9,78.7,80.6,82.5,84.5,86.4,88.5,90.6,92.7,94.9,97.1,99.4,101.6,103.9,106.3,108.7,111.3,113.9,116.7,119.4,122.2,125.0,127.8,130.7,133.6,136.5,139.5,142.5,145.5,148.6,151.7,154.8,157.8,161.0,164.1,167.2
70,Estimates,Guinea,,324,Country/Area,914,12.3,12.4,12.6,12.8,13.0,13.1,13.3,13.6,13.8,14.0,14.2,14.5,14.7,14.9,15.2,15.5,15.8,16.0,16.3,16.6,16.9,17.2,17.5,17.7,18.0,18.3,18.6,18.8,19.1,19.5,19.8,20.2,20.7,21.1,21.7,22.3,22.9,23.6,24.3,25.1,25.9,26.6,27.3,28.1,28.8,29.6,30.4,31.2,32.0,32.8,33.5,34.3,34.9,35.6,36.3,37.1,37.9,38.7,39.6,40.6,41.5,42.4,43.4,44.3,45.4,46.5,47.8,49.1,50.5,52.0,53.4
71,Estimates,Guinea-Bissau,,624,Country/Area,914,19.0,19.4,19.7,19.9,20.2,20.5,20.8,21.1,21.4,21.7,21.9,22.1,22.4,22.6,22.8,23.1,23.4,23.8,24.2,24.6,25.1,25.5,26.0,26.5,26.9,27.2,27.4,27.4,27.5,27.6,27.8,28.2,28.8,29.5,30.3,31.0,31.7,32.5,33.2,33.9,34.7,35.5,36.3,37.1,37.9,38.7,39.5,40.3,41.1,41.9,42.7,43.6,44.6,45.6,46.7,47.8,49.0,50.2,51.5,52.8,54.1,55.6,57.1,58.6,60.2,61.8,63.4,65.0,66.7,68.3,70.0
196,Estimates,Guyana,,328,Country/Area,931,2.1,2.1,2.2,2.3,2.4,2.5,2.5,2.6,2.7,2.8,2.9,3.0,3.1,3.2,3.2,3.3,3.4,3.4,3.5,3.5,3.6,3.6,3.7,3.7,3.7,3.8,3.8,3.9,3.9,3.9,4.0,4.0,4.0,4.0,3.9,3.9,3.9,3.8,3.8,3.8,3.8,3.8,3.8,3.8,3.9,3.9,3.9,3.9,3.8,3.8,3.8,3.8,3.8,3.8,3.8,3.8,3.8,3.8,3.8,3.8,3.8,3.8,3.8,3.9,3.9,3.9,3.9,3.9,4.0,4.0,4.0
164,Estimates,Haiti,,332,Country/Area,915,116.9,118.8,120.8,123.0,125.2,127.5,129.9,132.4,135.0,137.6,140.3,143.0,145.8,148.7,151.6,154.5,157.5,160.6,163.6,166.7,169.7,172.6,175.5,178.5,181.6,184.9,188.4,192.1,196.1,200.3,204.8,209.5,214.4,219.6,224.8,229.9,235.1,240.2,245.2,250.3,255.4,260.5,265.6,270.7,275.8,281.0,286.2,291.4,296.6,301.9,307.1,312.4,317.6,322.9,328.3,333.6,339.1,344.5,350.0,355.5,361.0,366.5,371.9,377.4,382.8,388.1,393.3,398.5,403.6,408.7,413.7
264,Estimates,Holy See,30,336,Country/Area,925,2059.1,2006.8,2006.8,2022.7,2043.2,2045.5,2065.9,2063.6,2056.8,2056.8,2054.5,2054.5,2047.7,2040.9,1993.2,1938.6,1850.0,1740.9,1615.9,1522.7,1475.0,1465.9,1502.3,1556.8,1609.1,1645.5,1659.1,1659.1,1647.7,1640.9,1647.7,1643.2,1647.7,1659.1,1665.9,1681.8,1697.7,1706.8,1713.6,1725.0,1731.8,1731.8,1756.8,1772.7,1765.9,1768.2,1781.8,1788.6,1786.4,1790.9,1795.5,1800.0,1800.0,1800.0,1806.8,1813.6,1806.8,1804.5,1800.0,1788.6,1779.5,1786.4,1786.4,1786.4,1784.1,1795.5,1797.7,1813.6,1840.9,1852.3,1838.6
183,Estimates,Honduras,,340,Country/Area,916,13.8,14.2,14.6,15.0,15.4,15.8,16.3,16.7,17.2,17.7,18.2,18.7,19.3,19.8,20.4,21.0,21.6,22.2,22.9,23.6,24.3,25.0,25.8,26.5,27.3,28.2,29.1,30.0,30.9,31.9,32.9,33.9,35.0,36.0,37.1,38.3,39.4,40.6,41.8,43.0,44.3,45.6,46.9,48.2,49.6,51.0,52.5,54.0,55.6,57.2,58.8,60.3,61.9,63.5,65.1,66.7,68.2,69.8,71.3,72.8,74.3,75.8,77.2,78.6,80.0,81.4,82.9,84.3,85.7,87.1,88.5
236,Estimates,Hungary,,348,Country/Area,923,103.1,104.7,106.0,107.1,107.9,108.6,109.1,109.5,109.8,110.2,110.5,110.8,111.2,111.5,111.9,112.3,112.8,113.2,113.7,114.1,114.5,114.9,115.2,115.5,115.8,116.3,116.8,117.5,118.1,118.6,118.8,118.7,118.4,117.9,117.3,116.7,116.2,115.7,115.3,114.9,114.6,114.5,114.4,114.4,114.4,114.3,114.1,113.9,113.5,113.2,112.9,112.6,112.3,112.0,111.7,111.4,111.1,110.7,110.4,110.0,109.7,109.3,109.0,108.6,108.3,108.0,107.7,107.5,107.2,107.0,106.7
249,Estimates,Iceland,,352,Country/Area,924,1.4,1.4,1.5,1.5,1.5,1.6,1.6,1.6,1.7,1.7,1.8,1.8,1.8,1.9,1.9,1.9,1.9,2.0,2.0,2.0,2.0,2.1,2.1,2.1,2.2,2.2,2.2,2.2,2.2,2.3,2.3,2.3,2.3,2.4,2.4,2.4,2.4,2.5,2.5,2.5,2.5,2.6,2.6,2.6,2.6,2.7,2.7,2.7,2.7,2.8,2.8,2.8,2.8,2.9,2.9,2.9,3.0,3.0,3.1,3.2,3.2,3.2,3.2,3.3,3.3,3.3,3.3,3.3,3.4,3.4,3.4
120,Estimates,India,,356,Country/Area,5501,126.6,128.6,130.8,133.0,135.4,137.9,140.4,143.0,145.8,148.6,151.5,154.6,157.8,161.0,164.4,167.9,171.4,175.0,178.8,182.7,186.7,191.0,195.4,200.0,204.8,209.6,214.5,219.4,224.5,229.7,235.1,240.6,246.3,252.1,257.9,263.8,269.7,275.7,281.7,287.7,293.7,299.8,305.8,311.9,318.0,324.2,330.4,336.6,342.9,349.1,355.4,361.6,367.7,373.8,379.9,386.0,392.0,398.0,403.8,409.6,415.1,420.5,425.7,430.8,435.8,440.7,445.5,450.2,454.9,459.6,464.1
139,Estimates,Indonesia,,360,Country/Area,920,38.4,39.1,39.9,40.7,41.7,42.7,43.7,44.8,46.0,47.2,48.4,49.7,51.1,52.4,53.9,55.3,56.9,58.4,60.0,61.7,63.4,65.1,66.8,68.6,70.3,72.1,74.0,75.8,77.6,79.5,81.4,83.3,85.3,87.2,89.2,91.1,92.9,94.8,96.6,98.4,100.1,101.9,103.6,105.4,107.0,108.7,110.3,112.0,113.6,115.2,116.8,118.4,120.0,121.6,123.3,124.9,126.6,128.3,130.0,131.7,133.5,135.3,137.1,139.0,140.8,142.6,144.4,146.1,147.8,149.4,151.0
121,Estimates,Iran (Islamic Republic of),,364,Country/Area,5501,10.5,10.8,11.0,11.3,11.6,11.8,12.1,12.5,12.8,13.1,13.5,13.8,14.2,14.5,14.9,15.3,15.7,16.2,16.6,17.0,17.5,18.0,18.5,19.0,19.5,20.1,20.7,21.4,22.1,22.9,23.7,24.7,25.7,26.8,27.9,29.1,30.2,31.4,32.6,33.7,34.6,35.4,36.1,36.7,37.2,37.7,38.3,38.8,39.3,39.8,40.3,40.8,41.3,41.8,42.3,42.8,43.3,43.8,44.3,44.8,45.3,45.8,46.4,47.0,47.6,48.2,48.9,49.5,50.2,50.9,51.6
96,Estimates,Iraq,,368,Country/Area,922,13.2,13.6,14.0,14.3,14.6,15.0,15.3,15.6,16.0,16.4,16.8,17.2,17.7,18.2,18.7,19.3,19.9,20.6,21.3,22.1,22.8,23.6,24.4,25.2,26.0,26.9,27.8,28.7,29.6,30.5,31.4,32.3,33.2,34.1,35.0,35.8,36.6,37.4,38.2,39.1,40.1,41.2,42.4,43.6,45.0,46.4,47.9,49.4,50.9,52.5,54.1,55.7,57.4,59.0,60.6,62.0,63.2,64.3,65.4,66.7,68.5,70.7,73.4,76.3,79.2,81.9,84.3,86.5,88.5,90.5,92.6
250,Estimates,Ireland,,372,Country/Area,924,42.3,42.3,42.2,42.1,41.9,41.7,41.4,41.2,40.9,40.7,40.5,40.5,40.5,40.7,40.8,41.0,41.1,41.3,41.5,41.8,42.2,42.7,43.4,44.0,44.8,45.5,46.3,47.1,47.8,48.5,49.1,49.7,50.1,50.5,50.8,51.0,51.0,51.0,51.0,50.9,51.0,51.1,51.2,51.5,51.8,52.1,52.5,53.0,53.5,54.2,54.9,55.8,56.7,57.8,58.9,60.1,61.4,62.8,64.1,65.2,66.1,66.6,66.9,67.0,67.2,67.5,68.2,69.0,69.9,70.9,71.7
251,Estimates,Isle of Man,14,833,Country/Area,924,96.9,96.9,96.2,95.1,93.6,91.9,90.2,88.5,87.0,85.7,85.0,84.7,84.9,85.6,86.7,88.0,89.6,91.4,93.4,95.4,97.2,98.9,100.3,101.6,102.9,104.4,105.9,107.6,109.2,110.6,111.5,111.9,111.9,111.7,112.0,112.8,114.4,116.6,119.2,121.5,123.3,124.4,125.0,125.3,125.7,126.5,127.9,129.6,131.5,133.3,135.0,136.3,137.4,138.4,139.5,140.9,142.6,144.6,146.5,148.0,148.9,148.9,148.3,147.3,146.5,146.0,146.1,146.7,147.5,148.4,149.2
97,Estimates,Israel,,376,Country/Area,922,58.1,62.2,66.4,70.5,74.5,78.2,81.7,85.0,88.3,91.6,95.2,99.1,103.2,107.4,111.5,115.1,118.2,121.0,123.7,126.6,130.0,134.0,138.5,143.2,147.9,152.4,156.5,160.4,164.2,167.7,171.0,174.2,177.4,180.4,183.4,186.5,189.5,192.6,196.0,200.3,205.6,212.1,219.6,227.8,235.9,243.6,250.7,257.2,263.4,269.2,274.8,280.1,285.1,290.1,295.6,301.7,308.7,316.4,324.4,332.3,339.5,346.0,351.9,357.4,362.9,368.7,374.7,381.0,387.3,393.7,400.0
265,Estimates,Italy,,380,Country/Area,925,158.4,159.8,161.1,162.3,163.4,164.3,165.2,166.1,167.0,167.9,169.0,170.2,171.5,172.9,174.3,175.7,177.0,178.3,179.5,180.7,182.0,183.2,184.5,185.7,186.8,187.9,188.8,189.6,190.3,191.0,191.6,192.1,192.6,193.0,193.3,193.6,193.7,193.8,193.8,193.9,193.9,194.1,194.3,194.5,194.5,194.4,194.0,193.5,192.9,192.6,192.7,193.4,194.4,195.7,197.0,198.1,199.0,199.7,200.3,200.9,201.7,202.6,203.6,204.6,205.4,206.0,206.2,206.3,206.1,205.9,205.6
165,Estimates,Jamaica,,388,Country/Area,915,129.5,132.7,135.6,138.1,140.4,142.3,144.0,145.5,147.0,148.6,150.4,152.5,154.8,157.3,159.8,162.2,164.4,166.5,168.6,170.8,173.2,175.8,178.7,181.6,184.5,187.3,189.8,192.1,194.5,196.9,199.7,202.9,206.3,209.8,213.0,215.7,217.7,219.3,220.6,221.9,223.4,225.2,227.2,229.4,231.7,234.0,236.3,238.6,240.9,243.1,245.1,247.0,248.6,250.2,251.6,253.0,254.3,255.6,256.9,258.2,259.5,260.9,262.4,264.0,265.5,266.9,268.4,269.7,271.0,272.2,273.4
133,Estimates,Japan,,392,Country/Area,906,227.1,231.3,235.0,238.3,241.3,244.2,246.9,249.5,252.0,254.5,257.0,259.4,261.8,264.4,267.1,270.0,273.2,276.6,280.1,283.9,287.8,291.9,296.2,300.4,304.5,308.4,311.8,315.0,317.9,320.6,323.2,325.7,328.1,330.3,332.4,334.3,336.1,337.6,339.0,340.3,341.5,342.7,343.8,344.8,345.8,346.6,347.4,348.1,348.7,349.3,349.8,350.3,350.8,351.3,351.7,352.0,352.3,352.5,352.6,352.6,352.6,352.5,352.3,352.0,351.6,351.1,350.5,349.7,348.9,348.0,346.9
98,Estimates,Jordan,,400,Country/Area,922,5.4,6.0,6.5,6.9,7.3,7.7,8.2,8.8,9.4,10.0,10.5,11.0,11.4,11.8,12.4,13.2,14.3,15.5,16.9,18.2,19.4,20.4,21.2,21.9,22.6,23.3,23.9,24.5,25.2,25.9,26.8,27.8,28.9,30.1,31.4,32.7,34.0,35.3,36.7,38.3,40.2,42.4,44.8,47.3,49.7,51.7,53.3,54.6,55.7,56.7,57.7,58.8,59.9,61.2,62.9,64.9,67.5,70.5,73.9,77.6,81.8,86.3,91.1,96.0,100.5,104.4,107.6,110.2,112.2,113.8,114.9
111,Estimates,Kazakhstan,,398,Country/Area,5500,2.5,2.5,2.6,2.7,2.8,2.9,3.1,3.2,3.4,3.5,3.7,3.8,4.0,4.1,4.3,4.4,4.5,4.6,4.7,4.8,4.8,4.9,5.0,5.1,5.1,5.2,5.3,5.3,5.4,5.4,5.5,5.5,5.6,5.7,5.7,5.8,5.9,5.9,6.0,6.0,6.1,6.1,6.0,6.0,5.9,5.9,5.8,5.7,5.6,5.6,5.5,5.5,5.5,5.6,5.6,5.7,5.8,5.8,5.9,5.9,6.0,6.1,6.2,6.3,6.4,6.5,6.6,6.7,6.8,6.9,7.0
32,Estimates,Kenya,,404,Country/Area,910,10.7,11.0,11.3,11.6,11.9,12.3,12.6,13.0,13.4,13.8,14.3,14.7,15.2,15.7,16.2,16.7,17.3,17.9,18.5,19.2,19.9,20.6,21.3,22.1,23.0,23.9,24.8,25.7,26.7,27.8,28.8,30.0,31.2,32.4,33.6,34.9,36.2,37.6,38.9,40.3,41.7,43.1,44.5,45.9,47.4,48.8,50.2,51.7,53.2,54.6,56.2,57.7,59.3,60.9,62.6,64.4,66.2,68.0,69.9,71.9,73.8,75.9,77.9,80.0,82.1,84.1,86.2,88.2,90.3,92.4,94.5
214,Estimates,Kiribati,,296,Country/Area,954,40.8,41.5,42.3,43.2,44.1,45.1,46.2,47.3,48.4,49.6,50.9,52.1,53.4,54.7,56.0,57.3,58.6,59.8,60.9,62.1,63.1,64.2,65.2,66.1,67.1,68.0,69.0,70.1,71.1,72.2,73.2,74.2,75.2,76.2,77.5,79.0,80.9,83.0,85.3,87.5,89.4,91.0,92.3,93.5,94.7,95.9,97.4,99.0,100.7,102.4,104.2,106.0,107.8,109.7,111.7,114.0,116.5,119.2,121.9,124.6,127.1,129.3,131.3,133.2,135.0,136.9,138.9,140.9,143.0,145.2,147.5
99,Estimates,Kuwait,,414,Country/Area,922,8.6,8.9,9.1,9.4,9.8,10.2,10.8,11.5,12.4,13.6,15.1,16.9,18.9,21.3,23.8,26.5,29.4,32.4,35.5,38.7,41.8,44.8,47.8,50.8,54.0,57.3,60.9,64.7,68.7,72.7,76.8,80.8,84.6,88.5,92.7,97.4,102.8,108.8,114.2,117.4,117.6,114.0,107.3,99.5,93.1,90.1,91.3,96.0,102.8,109.5,114.8,118.0,119.9,121.3,123.5,127.4,133.2,140.5,149.0,158.3,167.9,177.8,187.9,197.9,207.1,215.2,222.0,227.6,232.2,236.1,239.7
112,Estimates,Kyrgyzstan,,417,Country/Area,5500,9.1,9.2,9.4,9.5,9.7,9.9,10.2,10.4,10.7,11.0,11.3,11.7,12.1,12.5,13.0,13.4,13.8,14.3,14.7,15.1,15.5,15.8,16.2,16.5,16.8,17.2,17.5,17.8,18.1,18.5,18.8,19.2,19.6,20.0,20.4,20.8,21.2,21.7,22.1,22.5,22.8,23.0,23.2,23.4,23.6,23.8,24.1,24.5,25.0,25.3,25.7,25.9,26.0,26.1,26.3,26.5,26.7,27.0,27.4,27.8,28.3,28.8,29.3,29.9,30.5,31.1,31.7,32.3,32.9,33.5,34.0
140,Estimates,Lao People's Democratic Republic,,418,Country/Area,920,7.3,7.5,7.6,7.8,8.0,8.2,8.4,8.6,8.8,9.0,9.2,9.4,9.6,9.8,10.1,10.3,10.6,10.8,11.1,11.4,11.6,12.0,12.3,12.6,13.0,13.2,13.4,13.6,13.7,13.9,14.1,14.4,14.7,15.1,15.5,16.0,16.4,16.9,17.4,17.9,18.5,19.0,19.5,20.0,20.5,21.0,21.5,21.9,22.3,22.7,23.1,23.4,23.8,24.2,24.5,24.9,25.3,25.8,26.2,26.6,27.1,27.5,27.9,28.3,28.8,29.2,29.7,30.1,30.6,31.1,31.5
252,Estimates,Latvia,,428,Country/Area,924,31.0,31.1,31.3,31.5,31.8,32.2,32.6,32.9,33.4,33.8,34.2,34.7,35.1,35.6,36.0,36.4,36.8,37.2,37.6,37.9,38.2,38.6,38.9,39.2,39.5,39.7,39.9,40.1,40.2,40.4,40.5,40.7,40.8,41.0,41.2,41.5,41.8,42.2,42.6,42.8,42.8,42.6,42.1,41.5,40.9,40.3,39.9,39.4,39.1,38.7,38.3,37.9,37.5,37.1,36.6,36.2,35.8,35.3,34.9,34.5,34.1,33.7,33.3,32.9,32.5,32.1,31.7,31.4,31.0,30.7,30.3
100,Estimates,Lebanon,,422,Country/Area,922,130.5,132.8,136.1,140.3,144.9,149.8,154.8,160.0,165.3,170.8,176.4,182.3,188.2,194.0,199.5,204.5,208.9,212.6,216.1,220.0,224.6,230.1,236.3,242.6,248.0,251.8,253.8,254.3,253.9,253.3,253.1,253.6,254.8,256.3,257.9,259.2,260.1,260.8,262.4,266.5,274.0,285.6,300.7,317.3,332.7,344.9,352.9,357.6,361.0,366.4,375.6,390.1,408.8,429.0,446.7,459.3,465.3,466.0,465.8,470.5,484.2,508.5,541.3,578.0,612.0,638.6,656.3,666.6,670.5,670.2,667.2
60,Estimates,Lesotho,,426,Country/Area,913,23.2,23.6,24.0,24.4,24.8,25.3,25.7,26.1,26.6,27.1,27.6,28.1,28.6,29.2,29.8,30.4,31.0,31.7,32.4,33.1,33.9,34.7,35.5,36.3,37.2,38.2,39.3,40.5,41.7,42.9,44.1,45.4,46.6,47.9,49.1,50.3,51.4,52.6,53.7,54.9,56.1,57.4,58.7,60.0,61.3,62.5,63.7,64.8,65.8,66.5,67.0,67.1,66.9,66.5,66.1,65.7,65.5,65.4,65.5,65.6,65.7,66.0,66.4,66.8,67.3,67.8,68.3,68.9,69.4,70.0,70.6
72,Estimates,Liberia,,430,Country/Area,914,9.7,9.8,10.0,10.1,10.3,10.5,10.7,10.9,11.1,11.4,11.6,11.9,12.1,12.4,12.6,12.9,13.2,13.5,13.8,14.2,14.5,14.9,15.3,15.7,16.2,16.6,17.1,17.6,18.1,18.6,19.2,19.9,20.7,21.4,21.9,22.3,22.4,22.4,22.2,21.9,21.6,21.2,20.8,20.5,20.6,21.2,22.4,24.2,26.1,28.0,29.6,30.7,31.4,31.9,32.6,33.4,34.6,35.9,37.5,39.0,40.4,41.7,42.9,44.1,45.3,46.4,47.6,48.8,50.0,51.3,52.5
85,Estimates,Libya,,434,Country/Area,912,0.6,0.6,0.7,0.7,0.7,0.7,0.7,0.7,0.8,0.8,0.8,0.9,0.9,0.9,0.9,1.0,1.0,1.1,1.1,1.2,1.2,1.3,1.3,1.4,1.4,1.5,1.6,1.6,1.7,1.8,1.8,1.9,2.0,2.1,2.1,2.2,2.3,2.3,2.4,2.5,2.5,2.6,2.6,2.7,2.8,2.8,2.9,2.9,3.0,3.0,3.0,3.1,3.1,3.2,3.2,3.3,3.3,3.4,3.4,3.5,3.5,3.6,3.6,3.6,3.6,3.6,3.7,3.7,3.8,3.9,3.9
279,Estimates,Liechtenstein,,438,Country/Area,926,86.0,87.2,88.3,89.7,91.1,92.7,94.5,96.4,98.5,100.8,103.1,105.6,108.1,110.8,113.6,116.5,119.8,123.1,126.5,129.8,132.9,135.8,138.5,141.0,143.7,146.5,149.6,152.8,156.1,159.1,161.8,163.9,165.8,167.4,168.9,170.5,172.2,174.0,175.8,177.8,179.9,182.3,184.7,187.4,190.1,193.0,196.0,198.9,201.9,204.8,207.4,209.6,211.8,213.6,215.3,217.0,218.6,220.1,221.7,223.3,225.0,226.9,228.8,230.9,232.6,234.2,235.3,236.3,237.0,237.6,238.4
253,Estimates,Lithuania,,440,Country/Area,924,41.0,41.0,41.1,41.3,41.6,41.9,42.3,42.7,43.2,43.7,44.2,44.8,45.4,46.1,46.7,47.3,47.9,48.5,49.0,49.5,50.0,50.6,51.1,51.6,52.2,52.6,53.1,53.5,53.9,54.3,54.7,55.1,55.5,55.9,56.4,56.8,57.3,57.9,58.4,58.8,59.0,59.0,58.8,58.6,58.2,57.9,57.5,57.1,56.7,56.3,55.9,55.4,55.0,54.5,53.9,53.4,52.7,52.0,51.3,50.5,49.8,49.2,48.6,48.0,47.4,46.8,46.1,45.4,44.7,44.0,43.4
280,Estimates,Luxembourg,,442,Country/Area,926,114.3,114.9,115.6,116.4,117.2,117.9,118.5,119.1,119.8,120.5,121.5,122.6,123.8,125.1,126.4,127.5,128.3,129.0,129.7,130.3,131.1,132.1,133.2,134.4,135.6,136.7,137.7,138.6,139.4,140.1,140.6,140.8,141.0,141.0,141.2,141.7,142.3,143.3,144.4,145.8,147.4,149.2,151.1,153.2,155.4,157.6,159.8,162.2,164.4,166.5,168.4,170.0,171.3,172.7,174.4,176.8,179.8,183.4,187.4,191.7,196.1,200.5,205.0,209.5,214.1,218.8,223.7,228.5,233.3,237.7,241.7
33,Estimates,Madagascar,,450,Country/Area,910,7.0,7.2,7.3,7.5,7.6,7.8,8.0,8.2,8.4,8.6,8.8,9.0,9.2,9.4,9.7,9.9,10.2,10.4,10.7,11.0,11.3,11.6,11.9,12.3,12.6,13.0,13.4,13.7,14.1,14.6,15.0,15.4,15.9,16.3,16.8,17.3,17.8,18.3,18.8,19.4,19.9,20.5,21.1,21.8,22.5,23.2,23.9,24.7,25.5,26.3,27.1,27.9,28.8,29.7,30.6,31.5,32.5,33.4,34.4,35.4,36.4,37.4,38.4,39.5,40.5,41.7,42.8,44.0,45.1,46.4,47.6
34,Estimates,Malawi,,454,Country/Area,910,31.3,31.9,32.6,33.3,34.0,34.7,35.5,36.2,37.1,37.9,38.8,39.8,40.7,41.7,42.8,43.9,45.0,46.1,47.4,48.6,49.9,51.2,52.6,54.0,55.5,57.1,58.8,60.6,62.5,64.4,66.3,68.0,69.6,71.5,73.9,77.1,81.3,86.4,91.6,96.3,99.8,101.8,102.7,103.0,103.4,104.4,106.3,108.9,111.9,115.1,118.3,121.3,124.2,127.3,130.5,133.9,137.6,141.5,145.6,149.9,154.2,158.7,163.3,168.0,172.8,177.6,182.5,187.4,192.4,197.6,202.9
141,Estimates,Malaysia,13,458,Country/Area,920,18.6,19.1,19.6,20.2,20.8,21.4,22.1,22.7,23.4,24.1,24.8,25.6,26.5,27.3,28.2,29.0,29.8,30.6,31.3,32.1,32.9,33.7,34.5,35.3,36.1,37.0,38.0,38.9,39.9,41.0,42.0,43.0,44.0,45.1,46.2,47.5,48.8,50.3,51.8,53.4,54.9,56.4,57.8,59.3,60.8,62.4,64.0,65.6,67.3,69.0,70.6,72.2,73.7,75.2,76.7,78.2,79.8,81.3,82.9,84.4,85.9,87.2,88.5,89.7,90.9,92.1,93.4,94.7,96.0,97.2,98.5
122,Estimates,Maldives,,462,Country/Area,5501,245.7,247.4,250.6,255.0,260.1,265.7,271.7,278.1,284.8,292.0,299.6,307.8,316.3,325.1,333.9,342.4,350.4,358.3,366.3,375.3,385.6,397.7,411.2,425.7,440.3,454.7,468.5,482.1,495.9,510.9,527.6,546.1,566.2,587.5,609.5,631.8,654.2,676.7,699.3,721.7,743.9,765.8,787.6,808.7,828.6,847.1,863.9,879.5,894.8,911.7,931.3,954.4,980.6,1008.9,1037.6,1065.3,1091.6,1117.2,1144.8,1178.0,1219.1,1268.3,1324.1,1385.3,1450.1,1516.4,1585.0,1654.7,1719.0,1769.9,1801.8
73,Estimates,Mali,,466,Country/Area,914,3.9,3.9,3.9,4.0,4.0,4.1,4.1,4.2,4.2,4.3,4.3,4.4,4.4,4.5,4.5,4.6,4.6,4.7,4.7,4.8,4.9,5.0,5.0,5.1,5.2,5.3,5.4,5.5,5.6,5.7,5.8,5.9,6.1,6.2,6.3,6.4,6.5,6.6,6.7,6.8,6.9,7.1,7.3,7.4,7.7,7.9,8.1,8.3,8.5,8.7,9.0,9.2,9.5,9.8,10.1,10.5,10.8,11.2,11.6,12.0,12.3,12.7,13.1,13.5,13.9,14.3,14.7,15.2,15.6,16.1,16.6
266,Estimates,Malta,,470,Country/Area,925,975.0,975.7,977.3,979.0,979.9,979.8,978.7,977.2,975.9,976.0,978.0,982.5,989.1,996.5,1002.9,1007.0,1008.4,1007.7,1005.5,1003.2,1001.7,1001.1,1001.4,1002.5,1004.5,1007.4,1011.2,1016.0,1021.8,1028.5,1035.9,1044.1,1053.0,1062.5,1072.2,1082.0,1092.0,1101.9,1111.9,1121.7,1131.3,1140.6,1149.7,1158.7,1168.0,1177.8,1188.3,1199.2,1210.3,1220.7,1230.2,1238.5,1246.0,1252.7,1258.8,1264.6,1269.8,1274.5,1279.7,1286.1,1294.6,1305.4,1318.2,1331.7,1344.3,1354.9,1362.8,1368.5,1372.7,1376.2,1379.8
215,Estimates,Marshall Islands,,584,Country/Area,954,72.3,73.5,74.7,75.7,76.6,77.2,77.8,78.3,78.9,80.0,81.5,83.6,86.4,89.5,92.8,96.0,99.1,102.1,105.4,109.0,113.3,118.4,124.1,130.2,136.3,142.1,147.5,152.7,157.8,163.4,169.9,177.1,185.2,193.8,203.1,213.0,223.4,234.3,245.0,254.6,262.6,268.9,273.6,276.8,279.0,280.3,280.7,280.3,279.8,280.1,282.0,285.6,290.9,297.0,302.6,307.0,309.8,311.4,312.0,312.5,313.1,314.0,315.1,316.3,317.7,319.1,320.7,322.5,324.5,326.6,328.9
166,Estimates,Martinique,2,474,Country/Area,915,209.4,211.7,215.3,220.1,225.6,231.8,238.4,245.2,252.1,259.0,265.7,272.1,278.3,283.9,289.0,293.5,297.3,300.5,303.0,305.0,306.6,307.9,308.8,309.3,309.5,309.3,308.7,307.7,306.9,306.5,307.0,308.5,310.8,313.8,317.1,320.6,324.3,328.1,331.8,335.2,338.2,340.5,342.2,343.7,345.5,347.9,350.9,354.4,358.2,361.8,365.1,367.9,370.3,372.2,373.7,374.7,375.3,375.5,375.2,374.1,372.3,369.7,366.4,362.8,359.6,357.1,355.5,354.7,354.4,354.3,354.0
74,Estimates,Mauritania,,478,Country/Area,914,0.6,0.6,0.7,0.7,0.7,0.7,0.7,0.8,0.8,0.8,0.8,0.8,0.9,0.9,0.9,1.0,1.0,1.0,1.0,1.1,1.1,1.1,1.2,1.2,1.3,1.3,1.3,1.4,1.4,1.5,1.5,1.5,1.6,1.6,1.7,1.7,1.8,1.8,1.9,1.9,2.0,2.0,2.1,2.1,2.2,2.2,2.3,2.4,2.4,2.5,2.6,2.6,2.7,2.8,2.9,2.9,3.0,3.1,3.2,3.3,3.4,3.5,3.6,3.7,3.8,3.9,4.0,4.2,4.3,4.4,4.5
35,Estimates,Mauritius,1,480,Country/Area,910,243.0,249.5,256.7,264.6,272.7,281.1,289.6,298.3,307.0,316.0,325.1,334.5,344.0,353.4,362.5,371.1,379.1,386.6,393.7,400.5,407.1,413.6,419.9,426.2,432.7,439.5,446.8,454.3,462.0,469.3,475.9,481.8,487.1,491.9,496.3,500.4,504.1,507.5,511.0,515.1,520.1,526.3,533.5,541.2,548.8,556.0,562.5,568.5,574.0,579.1,583.8,588.1,592.0,595.6,598.9,602.0,605.0,607.8,610.5,612.8,614.8,616.3,617.5,618.5,619.4,620.4,621.6,622.9,624.2,625.5,626.5
36,Estimates,Mayotte,2,175,Country/Area,910,40.4,42.0,43.9,46.0,48.3,50.7,53.1,55.6,58.2,61.0,64.0,67.3,70.8,74.4,77.9,81.4,84.8,88.0,91.3,94.8,98.6,102.7,107.2,111.9,116.6,121.3,125.8,130.4,135.2,140.7,147.0,154.4,162.8,172.0,181.9,192.3,203.2,214.5,226.5,239.2,252.7,267.1,282.2,297.7,313.3,328.5,343.3,357.9,372.2,386.5,400.9,415.3,429.9,444.6,459.6,474.9,490.7,506.9,523.4,540.0,556.6,573.2,589.7,606.3,623.1,640.0,657.2,674.6,692.1,709.7,727.5
184,Estimates,Mexico,,484,Country/Area,916,14.4,14.8,15.2,15.7,16.1,16.6,17.2,17.7,18.3,18.8,19.4,20.0,20.7,21.3,22.0,22.7,23.4,24.2,24.9,25.7,26.5,27.3,28.1,29.0,29.8,30.7,31.5,32.3,33.2,34.0,34.9,35.7,36.6,37.4,38.2,39.1,39.9,40.7,41.6,42.4,43.2,44.0,44.8,45.6,46.4,47.2,47.9,48.7,49.4,50.1,50.9,51.6,52.3,53.0,53.8,54.5,55.3,56.2,57.0,57.9,58.7,59.5,60.3,61.1,61.9,62.7,63.4,64.2,64.9,65.6,66.3
216,Estimates,Micronesia (Fed. States of),,583,Country/Area,954,45.7,47.7,49.4,51.0,52.5,54.1,55.8,57.6,59.6,61.6,63.6,65.6,67.7,69.8,72.1,74.6,77.4,80.4,83.4,85.9,87.7,88.7,89.0,89.0,89.2,90.2,91.9,94.4,97.4,100.7,104.2,107.7,111.5,115.2,118.8,122.3,125.6,128.6,131.4,134.4,137.6,141.1,144.8,148.4,151.5,153.6,154.7,155.0,154.6,154.0,153.4,153.1,152.9,152.7,152.3,151.6,150.5,149.2,147.9,147.1,147.0,147.8,149.3,151.3,153.5,155.6,157.5,159.2,160.9,162.6,164.3
281,Estimates,Monaco,,492,Country/Area,926,13422.8,13009.4,12806.7,12784.6,12926.8,13189.9,13547.7,13951.7,14365.8,14750.3,15074.5,15310.7,15465.1,15547.0,15594.6,15630.2,15638.9,15632.2,15634.2,15669.8,15763.1,15920.1,16140.3,16406.0,16663.8,16914.8,17129.5,17322.8,17510.1,17712.1,17954.4,18229.5,18545.6,18853.0,19134.9,19353.0,19496.6,19567.8,19618.8,19670.5,19753.7,19885.2,20039.6,20231.5,20426.8,20624.8,20806.0,20985.2,21177.2,21366.4,21575.8,21794.6,22016.1,22244.3,22482.6,22712.8,22945.6,23170.5,23396.0,23639.6,23898.7,24177.9,24469.1,24764.4,25047.0,25317.4,25550.3,25766.4,25961.1,26152.3,26338.3
134,Estimates,Mongolia,,496,Country/Area,906,0.5,0.5,0.5,0.5,0.5,0.6,0.6,0.6,0.6,0.6,0.6,0.6,0.7,0.7,0.7,0.7,0.7,0.8,0.8,0.8,0.8,0.8,0.9,0.9,0.9,1.0,1.0,1.0,1.0,1.1,1.1,1.1,1.1,1.2,1.2,1.2,1.3,1.3,1.3,1.4,1.4,1.4,1.4,1.5,1.5,1.5,1.5,1.5,1.5,1.5,1.5,1.6,1.6,1.6,1.6,1.6,1.6,1.7,1.7,1.7,1.8,1.8,1.8,1.9,1.9,1.9,2.0,2.0,2.0,2.1,2.1
267,Estimates,Montenegro,,499,Country/Area,925,29.3,29.8,30.5,31.4,32.2,33.0,33.7,34.3,34.9,35.5,36.2,37.0,37.9,38.7,39.3,39.7,39.7,39.4,39.0,38.7,38.6,38.9,39.3,40.0,40.6,41.2,41.7,42.0,42.4,42.7,43.2,43.7,44.3,44.8,45.3,45.7,45.8,45.9,45.8,45.7,45.7,45.8,45.9,46.0,46.1,46.1,46.1,46.0,45.8,45.7,45.6,45.6,45.6,45.7,45.7,45.8,45.9,46.1,46.2,46.3,46.4,46.5,46.5,46.6,46.6,46.6,46.6,46.7,46.7,46.7,46.7
167,Estimates,Montserrat,14,500,Country/Area,915,135.2,141.3,144.8,146.0,145.1,142.3,138.2,133.2,128.0,123.2,119.6,117.3,116.5,116.7,117.1,117.2,117.0,116.5,116.0,115.5,115.4,115.2,115.3,115.4,115.5,115.8,116.1,116.5,116.8,116.7,116.1,114.8,113.0,111.1,109.3,107.9,107.0,106.7,106.3,106.2,106.2,106.3,106.6,106.0,103.6,98.5,90.1,79.3,67.5,56.9,49.3,45.3,44.3,45.3,47.0,48.4,48.9,49.2,49.1,48.9,49.0,49.1,49.3,49.3,49.5,49.7,49.8,49.9,49.9,49.9,50.0
86,Estimates,Morocco,,504,Country/Area,912,20.1,20.7,21.4,22.0,22.8,23.5,24.3,25.1,25.9,26.8,27.6,28.5,29.3,30.2,31.1,31.9,32.7,33.5,34.3,35.1,35.9,36.6,37.4,38.2,39.0,39.9,40.8,41.7,42.7,43.7,44.8,45.9,47.0,48.2,49.3,50.4,51.5,52.5,53.6,54.6,55.6,56.6,57.6,58.6,59.6,60.5,61.4,62.2,63.0,63.8,64.5,65.3,66.0,66.7,67.5,68.2,69.0,69.8,70.7,71.5,72.5,73.5,74.5,75.5,76.6,77.7,78.7,79.7,80.7,81.7,82.7
37,Estimates,Mozambique,,508,Country/Area,910,7.6,7.7,7.8,8.0,8.1,8.3,8.4,8.6,8.8,8.9,9.1,9.3,9.5,9.8,10.0,10.2,10.5,10.7,11.0,11.2,11.5,11.7,12.0,12.3,12.6,12.9,13.3,13.7,14.0,14.4,14.8,15.1,15.5,15.8,16.1,16.2,16.3,16.3,16.2,16.3,16.5,16.9,17.6,18.3,19.0,19.7,20.3,20.9,21.4,21.9,22.5,23.2,23.9,24.6,25.3,26.1,26.8,27.6,28.3,29.1,29.9,30.8,31.6,32.5,33.4,34.4,35.4,36.4,37.5,38.6,39.7
142,Estimates,Myanmar,,104,Country/Area,920,27.2,27.7,28.2,28.8,29.3,29.9,30.5,31.2,31.9,32.6,33.3,34.0,34.7,35.5,36.3,37.1,38.0,38.9,39.8,40.8,41.7,42.7,43.7,44.8,45.8,46.9,47.9,49.0,50.1,51.3,52.4,53.5,54.7,55.9,57.0,58.1,59.2,60.3,61.4,62.3,63.3,64.1,64.9,65.7,66.4,67.2,68.0,68.9,69.8,70.7,71.5,72.3,73.0,73.7,74.3,74.9,75.5,76.0,76.4,76.9,77.5,78.1,78.7,79.4,80.0,80.6,81.2,81.7,82.2,82.7,83.3
61,Estimates,Namibia,,516,Country/Area,913,0.6,0.6,0.6,0.7,0.7,0.7,0.7,0.7,0.7,0.8,0.8,0.8,0.8,0.8,0.8,0.9,0.9,0.9,0.9,1.0,1.0,1.0,1.1,1.1,1.1,1.2,1.2,1.2,1.2,1.3,1.3,1.3,1.3,1.4,1.4,1.5,1.5,1.6,1.6,1.7,1.7,1.8,1.8,1.9,1.9,2.0,2.0,2.1,2.1,2.1,2.2,2.2,2.2,2.3,2.3,2.4,2.4,2.4,2.5,2.5,2.6,2.6,2.7,2.7,2.8,2.8,2.9,2.9,3.0,3.0,3.1
217,Estimates,Nauru,,520,Country/Area,954,171.5,173.3,177.8,182.8,186.9,191.0,194.4,198.0,202.6,209.3,218.9,231.4,247.1,263.5,279.5,293.0,303.3,311.1,317.2,322.3,327.7,333.5,339.9,346.5,353.1,358.9,364.2,369.8,375.3,381.3,387.6,393.6,400.8,408.2,416.6,425.1,434.0,443.4,452.9,463.8,475.3,488.3,501.5,514.4,524.8,531.3,533.9,532.2,528.4,522.5,516.8,511.0,505.1,499.5,495.3,492.4,491.4,492.3,494.0,497.3,500.5,503.5,506.8,510.4,514.5,518.7,523.7,528.9,533.9,538.2,541.7
123,Estimates,Nepal,,524,Country/Area,5501,59.2,60.4,61.6,62.8,63.9,65.0,66.1,67.2,68.3,69.4,70.5,71.6,72.8,74.0,75.2,76.5,77.9,79.4,80.9,82.6,84.2,86.0,87.8,89.7,91.6,93.6,95.7,97.9,100.1,102.4,104.8,107.2,109.7,112.3,114.9,117.6,120.3,122.9,125.7,128.7,131.9,135.4,139.1,142.9,146.8,150.5,154.1,157.5,160.9,164.0,167.0,169.8,172.5,175.0,177.3,179.6,181.8,184.0,186.0,187.5,188.4,188.6,188.3,187.8,187.7,188.5,190.2,192.8,196.0,199.6,203.3
282,Estimates,Netherlands,34,528,Country/Area,926,297.8,301.5,305.4,309.4,313.5,317.6,321.8,326.1,330.5,335.0,339.5,344.2,349.0,353.7,358.5,363.2,367.9,372.4,376.8,381.2,385.6,389.9,394.2,398.3,402.2,405.8,409.0,412.0,414.7,417.2,419.6,421.8,423.9,426.0,428.2,430.4,432.9,435.4,438.1,440.9,443.8,446.8,449.8,452.8,455.8,458.7,461.5,464.3,467.0,469.6,472.3,475.0,477.8,480.5,483.0,485.4,487.5,489.5,491.3,493.1,494.7,496.4,498.0,499.5,501.0,502.3,503.6,504.8,505.9,507.0,508.2
208,Estimates,New Caledonia,2,540,Country/Area,928,3.5,3.5,3.5,3.6,3.6,3.7,3.8,3.9,4.0,4.1,4.3,4.4,4.6,4.7,4.8,5.0,5.1,5.3,5.4,5.6,5.8,6.0,6.3,6.6,6.9,7.1,7.3,7.5,7.7,7.8,7.9,8.1,8.2,8.3,8.4,8.5,8.7,8.8,9.0,9.1,9.3,9.5,9.8,10.0,10.3,10.6,10.8,11.1,11.4,11.6,11.9,12.1,12.3,12.5,12.7,12.9,13.1,13.3,13.5,13.7,13.9,14.1,14.3,14.5,14.6,14.8,15.0,15.2,15.3,15.5,15.6
204,Estimates,New Zealand,19,554,Country/Area,927,7.2,7.4,7.6,7.7,7.9,8.1,8.3,8.5,8.6,8.8,9.0,9.2,9.4,9.6,9.8,10.0,10.1,10.3,10.4,10.5,10.7,10.9,11.1,11.4,11.6,11.7,11.8,11.9,11.9,11.9,12.0,12.0,12.1,12.2,12.3,12.4,12.5,12.6,12.7,12.8,12.9,13.1,13.3,13.5,13.8,14.0,14.1,14.3,14.4,14.5,14.7,14.8,15.1,15.3,15.5,15.7,15.9,16.1,16.2,16.4,16.6,16.8,17.0,17.2,17.3,17.5,17.7,17.9,18.0,18.2,18.3
185,Estimates,Nicaragua,,558,Country/Area,916,10.8,11.1,11.4,11.8,12.1,12.5,12.9,13.4,13.8,14.3,14.7,15.2,15.7,16.2,16.7,17.2,17.7,18.3,18.8,19.4,20.0,20.6,21.3,21.9,22.6,23.3,24.1,24.8,25.6,26.4,27.1,27.9,28.7,29.5,30.3,31.0,31.8,32.5,33.2,33.9,34.7,35.5,36.3,37.1,37.9,38.7,39.4,40.1,40.8,41.5,42.1,42.8,43.4,44.0,44.6,45.2,45.8,46.5,47.1,47.7,48.4,49.1,49.7,50.4,51.0,51.7,52.4,53.1,53.7,54.4,55.0
75,Estimates,Niger,,562,Country/Area,914,2.0,2.1,2.1,2.2,2.3,2.3,2.4,2.5,2.5,2.6,2.7,2.8,2.8,2.9,3.0,3.1,3.2,3.3,3.4,3.5,3.6,3.7,3.8,3.9,4.0,4.1,4.2,4.3,4.5,4.6,4.7,4.9,5.0,5.2,5.3,5.5,5.6,5.8,6.0,6.1,6.3,6.5,6.8,7.0,7.2,7.5,7.8,8.0,8.3,8.6,8.9,9.3,9.6,10.0,10.4,10.8,11.2,11.6,12.0,12.5,13.0,13.5,14.0,14.6,15.2,15.8,16.4,17.1,17.7,18.4,19.1
76,Estimates,Nigeria,,566,Country/Area,914,41.6,42.2,42.9,43.6,44.3,45.1,45.9,46.8,47.7,48.6,49.6,50.6,51.6,52.7,53.9,55.0,56.2,57.5,58.7,60.1,61.5,62.9,64.4,66.0,67.7,69.6,71.6,73.8,76.1,78.4,80.6,82.8,85.0,87.2,89.4,91.7,94.2,96.7,99.3,101.9,104.5,107.2,110.0,112.8,115.6,118.5,121.5,124.6,127.7,130.9,134.3,137.7,141.2,144.8,148.6,152.5,156.5,160.7,165.0,169.4,174.0,178.8,183.6,188.6,193.7,198.9,204.2,209.6,215.1,220.7,226.3
224,Estimates,Niue,21,570,Country/Area,957,17.9,18.0,18.0,18.0,18.0,18.0,18.1,18.2,18.3,18.4,18.6,18.8,19.0,19.2,19.4,19.6,19.8,20.0,20.2,20.1,19.7,19.1,18.2,17.1,16.1,15.3,14.6,14.2,13.9,13.5,13.1,12.6,12.0,11.4,10.9,10.4,10.0,9.7,9.4,9.2,9.0,8.8,8.7,8.6,8.5,8.3,8.2,8.0,7.7,7.5,7.3,7.1,6.9,6.7,6.6,6.5,6.4,6.3,6.3,6.2,6.2,6.2,6.2,6.2,6.2,6.2,6.2,6.2,6.2,6.2,6.2
268,Estimates,North Macedonia,,807,Country/Area,925,49.7,51.2,52.4,53.4,54.4,55.2,56.0,56.8,57.5,58.3,59.0,59.8,60.6,61.4,62.2,63.1,64.1,65.2,66.3,67.3,68.2,69.0,69.6,70.1,70.8,71.5,72.4,73.4,74.5,75.4,76.3,77.0,77.5,77.9,78.3,78.6,78.8,79.0,79.1,79.2,79.2,79.0,78.9,78.7,78.6,78.6,78.9,79.3,79.8,80.3,80.7,81.0,81.2,81.4,81.6,81.7,81.8,81.9,82.0,82.0,82.1,82.2,82.2,82.3,82.4,82.4,82.5,82.6,82.6,82.6,82.6
218,Estimates,Northern Mariana Islands,16,580,Country/Area,954,15.2,15.4,15.7,16.1,16.7,17.3,18.2,19.2,20.1,21.0,21.7,22.3,22.7,23.0,23.4,24.0,24.7,25.5,26.4,27.3,28.3,29.2,30.2,31.1,31.9,32.4,32.7,32.7,33.0,34.0,36.2,39.5,43.8,49.2,55.4,62.4,70.4,79.1,87.6,94.7,99.5,101.4,101.0,99.5,98.6,99.7,103.3,108.8,115.2,120.9,124.9,126.8,127.0,126.0,124.4,122.9,121.5,120.0,118.7,117.8,117.3,117.4,118.1,119.1,120.2,121.3,122.1,122.9,123.7,124.4,125.1
254,Estimates,Norway,28,578,Country/Area,924,8.9,9.0,9.1,9.2,9.3,9.4,9.5,9.6,9.6,9.7,9.8,9.9,10.0,10.0,10.1,10.2,10.3,10.4,10.4,10.5,10.6,10.7,10.8,10.8,10.9,11.0,11.0,11.1,11.1,11.2,11.2,11.2,11.3,11.3,11.3,11.4,11.4,11.5,11.5,11.6,11.6,11.7,11.8,11.8,11.9,12.0,12.0,12.1,12.2,12.2,12.3,12.4,12.4,12.5,12.6,12.7,12.8,12.9,13.1,13.2,13.4,13.5,13.7,13.9,14.1,14.2,14.4,14.5,14.6,14.7,14.8
101,Estimates,Oman,,512,Country/Area,922,1.5,1.5,1.5,1.5,1.6,1.6,1.6,1.7,1.7,1.7,1.8,1.8,1.9,1.9,2.0,2.0,2.1,2.1,2.2,2.3,2.3,2.4,2.5,2.6,2.7,2.8,3.0,3.2,3.3,3.5,3.7,3.9,4.2,4.4,4.6,4.8,5.0,5.2,5.4,5.6,5.9,6.1,6.4,6.7,6.9,7.1,7.2,7.3,7.3,7.3,7.3,7.4,7.5,7.7,7.9,8.1,8.3,8.6,8.9,9.3,9.8,10.5,11.3,12.2,13.0,13.8,14.5,15.1,15.6,16.1,16.5
124,Estimates,Pakistan,,586,Country/Area,5501,48.7,49.3,50.0,50.7,51.6,52.5,53.5,54.6,55.8,57.0,58.4,59.8,61.2,62.8,64.4,66.1,67.8,69.6,71.5,73.4,75.4,77.5,79.6,81.9,84.2,86.7,89.3,92.0,95.0,98.0,101.3,104.7,108.2,111.9,115.7,119.6,123.5,127.5,131.5,135.6,139.6,143.7,147.8,151.9,156.1,160.6,165.2,170.0,174.9,179.8,184.7,189.4,194.0,198.6,203.2,207.9,212.8,217.7,222.7,227.7,232.8,237.8,242.9,248.1,253.4,258.7,264.2,269.7,275.3,280.9,286.5
219,Estimates,Palau,,585,Country/Area,954,16.2,16.3,16.6,17.0,17.5,18.1,18.7,19.3,20.0,20.6,21.2,21.8,22.5,23.0,23.5,23.9,24.3,24.6,24.9,25.3,25.7,26.2,26.8,27.4,27.9,28.0,27.9,27.5,27.0,26.6,26.5,26.7,27.2,27.9,28.7,29.4,30.1,30.7,31.3,32.0,32.7,33.6,34.5,35.4,36.4,37.3,38.3,39.2,40.0,40.8,41.5,42.2,42.7,43.1,43.2,43.0,42.5,41.7,40.7,39.8,39.0,38.6,38.3,38.3,38.3,38.4,38.5,38.7,38.9,39.1,39.3
186,Estimates,Panama,,591,Country/Area,916,11.6,11.9,12.2,12.5,12.8,13.2,13.6,14.0,14.4,14.8,15.2,15.7,16.2,16.7,17.2,17.7,18.2,18.7,19.3,19.9,20.4,21.0,21.6,22.2,22.9,23.5,24.1,24.7,25.3,26.0,26.6,27.3,27.9,28.5,29.2,29.9,30.5,31.2,31.9,32.5,33.2,33.9,34.7,35.4,36.1,36.9,37.6,38.4,39.2,40.0,40.8,41.6,42.4,43.2,44.0,44.8,45.6,46.5,47.3,48.1,49.0,49.9,50.7,51.6,52.5,53.4,54.3,55.2,56.2,57.1,58.0
209,Estimates,Papua New Guinea,,598,Country/Area,928,4.4,4.4,4.5,4.5,4.6,4.6,4.7,4.7,4.8,4.9,5.0,5.1,5.2,5.3,5.4,5.5,5.6,5.7,5.9,6.0,6.1,6.3,6.4,6.6,6.8,6.9,7.1,7.3,7.5,7.7,7.9,8.1,8.3,8.5,8.8,9.0,9.2,9.5,9.7,10.0,10.2,10.4,10.7,10.9,11.2,11.5,11.7,12.0,12.3,12.6,12.9,13.2,13.5,13.7,14.0,14.3,14.7,15.0,15.4,15.8,16.1,16.5,16.9,17.2,17.5,17.9,18.3,18.6,19.0,19.4,19.8
197,Estimates,Paraguay,,600,Country/Area,931,3.7,3.8,3.9,4.0,4.1,4.2,4.3,4.4,4.5,4.7,4.8,4.9,5.1,5.2,5.3,5.5,5.6,5.8,5.9,6.1,6.2,6.4,6.5,6.7,6.9,7.0,7.2,7.4,7.6,7.8,8.0,8.2,8.5,8.7,9.0,9.3,9.5,9.8,10.1,10.4,10.6,10.9,11.2,11.5,11.7,12.0,12.3,12.6,12.9,13.1,13.4,13.7,13.9,14.2,14.4,14.7,14.9,15.1,15.3,15.5,15.7,15.9,16.2,16.4,16.6,16.8,17.1,17.3,17.5,17.7,18.0
198,Estimates,Peru,,604,Country/Area,931,6.1,6.2,6.4,6.6,6.7,6.9,7.1,7.3,7.5,7.7,7.9,8.2,8.4,8.6,8.9,9.1,9.4,9.7,9.9,10.2,10.5,10.8,11.1,11.4,11.7,12.1,12.4,12.7,13.0,13.4,13.7,14.1,14.4,14.7,15.1,15.4,15.8,16.2,16.5,16.9,17.2,17.6,17.9,18.3,18.6,19.0,19.3,19.7,20.0,20.4,20.7,20.9,21.2,21.4,21.6,21.8,22.0,22.1,22.3,22.5,22.7,22.9,23.1,23.3,23.5,23.8,24.2,24.6,25.0,25.4,25.8
143,Estimates,Philippines,,608,Country/Area,920,62.3,64.5,66.9,69.3,71.8,74.4,77.0,79.7,82.4,85.2,88.1,91.1,94.2,97.3,100.5,103.7,106.9,110.1,113.3,116.7,120.1,123.6,127.2,130.9,134.6,138.5,142.4,146.3,150.4,154.5,158.8,163.2,167.8,172.4,177.2,182.0,187.0,192.1,197.2,202.4,207.6,212.8,218.1,223.3,228.7,234.0,239.5,244.9,250.4,256.0,261.6,267.2,272.9,278.5,284.1,289.5,294.8,299.8,304.9,309.9,315.1,320.5,326.0,331.6,337.1,342.5,347.7,352.7,357.7,362.6,367.5
237,Estimates,Poland,,616,Country/Area,923,81.1,82.6,84.1,85.8,87.4,89.0,90.7,92.3,93.8,95.3,96.7,98.0,99.2,100.4,101.4,102.4,103.3,104.2,105.0,105.8,106.6,107.4,108.2,109.1,110.0,110.9,111.9,112.9,113.9,115.0,116.1,117.2,118.3,119.4,120.4,121.3,122.0,122.6,123.1,123.5,124.0,124.4,124.7,125.1,125.4,125.6,125.8,125.9,125.9,125.9,125.9,125.8,125.7,125.5,125.4,125.3,125.2,125.2,125.3,125.2,125.2,125.0,124.8,124.6,124.4,124.2,124.1,123.9,123.8,123.7,123.6
269,Estimates,Portugal,,620,Country/Area,925,91.9,91.9,92.3,92.8,93.5,94.2,94.8,95.4,95.8,96.2,96.6,96.8,97.0,97.1,97.0,96.8,96.2,95.5,94.9,94.4,94.5,95.0,96.0,97.3,98.7,100.1,101.6,103.0,104.3,105.5,106.5,107.2,107.8,108.1,108.3,108.4,108.4,108.2,108.1,108.0,108.0,108.3,108.7,109.1,109.7,110.2,110.6,111.1,111.5,112.0,112.4,112.9,113.4,113.9,114.3,114.7,115.1,115.4,115.7,115.8,115.7,115.4,114.9,114.3,113.7,113.2,112.7,112.3,112.0,111.7,111.3
168,Estimates,Puerto Rico,16,630,Country/Area,915,250.1,247.3,246.1,246.0,246.5,247.5,248.8,250.4,252.5,255.2,258.7,263.1,268.1,273.4,278.4,282.7,286.1,288.7,291.0,293.5,296.7,300.6,305.1,310.0,315.3,320.7,326.3,332.1,337.9,343.4,348.4,353.0,357.2,361.0,364.5,367.9,371.1,374.2,377.2,380.3,383.7,387.3,391.1,395.0,398.7,402.2,405.4,408.3,410.8,412.6,413.6,413.8,413.1,411.9,410.6,409.5,408.5,407.7,406.8,405.5,403.6,401.3,398.7,395.0,389.4,381.2,370.1,356.7,342.7,330.7,322.5
102,Estimates,Qatar,,634,Country/Area,922,2.2,2.4,2.6,2.8,2.9,3.1,3.2,3.4,3.6,3.8,4.1,4.4,4.8,5.3,5.8,6.3,6.9,7.4,8.0,8.7,9.4,10.3,11.2,12.2,13.2,14.2,15.0,15.7,16.5,17.7,19.3,21.4,23.9,26.6,29.4,31.9,34.3,36.4,38.2,39.8,41.0,42.0,42.7,43.2,43.7,44.2,45.0,46.1,47.5,49.1,51.0,53.0,55.2,58.7,64.9,74.5,88.1,104.9,123.7,142.5,159.9,175.4,189.2,201.3,211.8,221.0,228.6,234.7,239.6,243.9,248.2
135,Estimates,Republic of Korea,,410,Country/Area,906,197.6,200.1,203.8,208.7,214.6,221.3,228.6,236.4,244.4,252.5,260.5,268.3,275.8,283.0,290.1,297.2,304.2,311.0,317.7,324.4,331.1,337.9,344.6,351.3,357.7,363.9,369.7,375.1,380.5,385.8,391.3,397.0,402.9,408.8,414.4,419.7,424.4,428.7,432.9,437.0,441.4,446.1,451.0,456.0,461.0,465.8,470.5,475.1,479.5,483.6,487.3,490.7,493.7,496.4,498.7,500.9,502.7,504.3,505.8,507.5,509.6,512.0,514.9,517.8,520.5,522.7,524.4,525.5,526.3,526.8,527.3
238,Estimates,Republic of Moldova,22,498,Country/Area,923,71.3,72.5,74.0,75.8,77.8,80.0,82.2,84.5,86.9,89.2,91.5,93.7,95.8,97.8,99.7,101.6,103.3,104.9,106.4,107.9,109.5,111.0,112.6,114.1,115.6,116.9,118.1,119.1,120.0,121.0,122.1,123.3,124.5,125.8,127.1,128.3,129.5,130.6,131.6,132.4,132.9,133.2,133.2,133.1,132.7,132.1,131.4,130.5,129.5,128.6,127.9,127.5,127.2,127.0,126.9,126.6,126.2,125.7,125.2,124.7,124.4,124.2,124.1,124.0,124.0,123.9,123.8,123.6,123.3,123.1,122.8
38,Estimates,Réunion,2,638,Country/Area,910,99.2,103.7,107.4,110.6,113.6,116.7,119.8,123.2,126.8,130.5,134.3,138.2,142.2,146.4,151.1,156.3,162.1,168.4,174.7,180.3,184.8,188.0,190.2,191.6,192.7,193.9,195.3,196.9,198.8,201.0,203.7,207.0,210.8,215.0,219.3,223.5,227.6,231.6,235.6,239.8,244.2,249.0,253.9,259.0,264.2,269.4,274.6,279.7,284.8,289.8,294.7,299.5,304.1,308.6,312.7,316.6,320.2,323.5,326.5,329.4,332.2,334.9,337.6,340.2,342.8,345.3,347.9,350.5,353.0,355.6,358.1
239,Estimates,Romania,,642,Country/Area,923,70.5,71.7,72.8,73.9,74.9,76.0,77.0,78.1,79.1,80.0,80.9,81.6,82.2,82.8,83.4,84.2,85.1,86.1,87.1,88.2,89.3,90.3,91.3,92.2,93.2,94.1,95.1,96.0,96.8,97.6,98.3,98.8,99.2,99.5,99.9,100.2,100.7,101.2,101.6,102.0,102.1,101.9,101.6,101.0,100.4,99.8,99.1,98.4,97.6,96.9,96.2,95.5,94.9,94.4,93.7,93.0,92.3,91.4,90.5,89.7,88.9,88.4,87.9,87.5,87.0,86.6,86.0,85.4,84.7,84.1,83.6
240,Estimates,Russian Federation,,643,Country/Area,923,6.3,6.4,6.5,6.6,6.7,6.8,6.9,7.0,7.1,7.2,7.3,7.4,7.5,7.6,7.7,7.7,7.8,7.8,7.9,7.9,7.9,8.0,8.0,8.1,8.1,8.2,8.2,8.3,8.3,8.4,8.4,8.5,8.5,8.6,8.7,8.7,8.8,8.9,8.9,9.0,9.0,9.0,9.1,9.1,9.1,9.1,9.0,9.0,9.0,9.0,8.9,8.9,8.9,8.8,8.8,8.8,8.8,8.7,8.7,8.8,8.8,8.8,8.8,8.8,8.8,8.9,8.9,8.9,8.9,8.9,8.9
39,Estimates,Rwanda,,646,Country/Area,910,88.6,91.2,93.8,96.5,99.3,102.4,105.8,109.3,112.8,116.0,119.0,121.5,123.8,125.9,128.3,131.2,134.6,138.7,143.1,147.7,152.3,156.9,161.6,166.5,171.5,176.9,182.7,188.7,195.1,201.8,208.9,216.0,223.1,230.7,239.3,249.2,261.2,274.8,287.3,295.0,295.5,287.1,271.7,253.9,240.6,236.6,243.7,260.2,282.2,304.1,321.6,333.7,341.6,346.9,351.9,358.3,366.6,375.9,386.1,396.5,406.9,417.2,427.6,438.2,449.3,460.8,473.0,485.6,498.7,511.8,525.0
169,Estimates,Saint Barthélemy,2,652,Country/Area,915,90.7,93.6,96.1,98.6,100.6,102.1,103.3,103.7,104.1,104.5,104.8,105.5,106.5,107.5,108.0,108.4,107.6,107.1,106.2,106.0,106.6,107.5,109.4,111.7,114.5,118.0,122.2,127.8,132.7,137.1,140.2,140.9,141.3,141.4,144.9,153.2,166.8,185.1,206.0,226.0,243.0,256.1,265.9,274.0,281.0,289.3,298.2,307.5,317.0,327.1,337.1,348.1,359.2,369.9,380.0,388.9,397.3,403.2,409.6,414.3,419.7,424.5,429.4,434.0,437.3,440.7,443.0,444.9,446.5,447.9,449.3
77,Estimates,Saint Helena,4,654,Country/Area,914,13.5,13.6,13.6,13.7,13.7,13.7,13.7,13.8,13.8,13.8,13.8,13.7,13.7,13.7,13.6,13.7,13.8,13.9,14.1,14.4,14.6,14.9,15.2,15.5,15.7,16.0,16.2,16.4,16.6,16.7,16.9,17.0,17.2,17.3,17.4,17.5,17.5,17.4,17.3,17.2,17.1,16.9,16.6,16.4,16.2,16.0,15.9,15.9,15.8,15.7,15.5,15.2,14.9,14.5,14.1,13.7,13.5,13.3,13.2,13.2,13.3,13.5,13.9,14.3,14.7,15.0,15.3,15.4,15.5,15.5,15.6
170,Estimates,Saint Kitts and Nevis,,659,Country/Area,915,177.1,177.4,178.8,180.9,183.6,186.5,189.4,192.1,194.4,196.1,196.9,196.9,196.0,194.3,192.0,189.3,186.0,182.3,178.5,175.1,172.6,171.1,170.5,170.4,170.5,170.3,169.8,169.0,168.1,167.1,166.2,165.2,164.4,163.4,162.3,161.1,159.5,157.9,156.3,155.2,154.8,155.3,156.5,158.2,160.1,161.8,163.4,164.8,166.3,167.8,169.6,171.5,173.7,176.0,178.2,180.2,182.1,183.7,185.3,186.9,188.5,190.2,191.9,193.6,195.3,196.9,198.6,200.1,201.7,203.2,204.6
171,Estimates,Saint Lucia,,662,Country/Area,915,135.7,137.4,138.8,139.9,140.9,141.8,142.6,143.5,144.5,145.6,147.0,148.7,150.6,152.8,155.1,157.6,160.2,162.9,165.6,168.2,170.5,172.5,174.3,175.9,177.7,179.7,182.1,184.7,187.5,190.4,193.2,195.8,198.3,200.9,203.8,207.0,210.6,214.5,218.6,222.6,226.3,229.5,232.4,235.1,237.8,240.8,244.0,247.4,250.9,254.1,256.9,259.3,261.3,263.2,265.3,267.9,271.1,274.8,278.7,282.3,285.4,287.8,289.6,291.0,292.3,293.7,295.1,296.6,298.2,299.7,301.0
172,Estimates,Saint Martin (French part),2,663,Country/Area,915,56.6,58.7,60.2,61.6,62.9,64.3,65.8,67.8,69.7,71.7,73.5,75.4,76.9,78.8,81.2,84.4,88.2,92.9,98.0,103.0,107.7,112.2,116.2,120.2,124.5,129.8,136.8,145.5,154.5,161.5,165.6,163.7,158.0,156.5,171.1,208.8,274.7,363.7,459.9,541.9,594.8,612.1,600.3,569.7,537.4,515.5,506.7,507.7,516.8,530.6,545.9,563.2,583.3,604.8,626.2,646.3,664.9,681.8,695.8,705.3,709.1,706.6,698.3,687.9,679.6,676.7,680.4,690.0,703.1,717.0,729.4
288,Estimates,Saint Pierre and Miquelon,2,666,Country/Area,918,19.9,20.0,20.2,20.3,20.5,20.6,20.9,21.0,21.2,21.4,21.6,21.8,21.9,22.1,22.3,22.4,22.7,23.0,23.4,23.8,24.1,24.5,25.0,25.4,25.8,26.1,26.3,26.5,26.6,26.7,26.6,26.6,26.4,26.2,26.1,26.2,26.4,26.7,27.1,27.5,27.8,27.9,28.0,27.9,27.9,27.8,27.7,27.7,27.6,27.5,27.4,27.2,27.0,26.7,26.6,26.6,26.8,27.0,27.3,27.6,27.7,27.5,27.2,26.8,26.4,26.1,25.8,25.6,25.4,25.3,25.2
173,Estimates,Saint Vincent and the Grenadines,,670,Country/Area,915,171.8,174.6,177.7,181.1,184.7,188.6,192.6,196.6,200.5,204.2,207.6,210.7,213.4,215.9,218.2,220.5,222.8,225.1,227.3,229.7,232.1,234.6,237.2,239.9,242.6,245.3,247.9,250.5,253.0,255.5,257.9,260.1,262.2,264.2,266.1,268.0,269.8,271.6,273.2,274.5,275.6,276.3,276.8,277.0,277.1,277.0,276.9,276.7,276.4,276.3,276.4,276.6,277.2,277.7,278.3,278.5,278.5,278.2,278.0,277.7,277.6,277.7,278.0,278.5,279.1,279.8,280.7,281.6,282.6,283.6,284.5
225,Estimates,Samoa,,882,Country/Area,957,29.0,29.8,30.7,31.5,32.4,33.3,34.2,35.2,36.2,37.2,38.4,39.6,40.9,42.2,43.6,44.9,46.2,47.4,48.6,49.6,50.6,51.4,52.0,52.6,53.1,53.5,53.8,54.1,54.4,54.7,55.0,55.3,55.6,56.0,56.3,56.5,56.7,56.9,57.0,57.2,57.5,58.0,58.5,59.1,59.6,60.1,60.5,60.8,61.1,61.3,61.6,62.0,62.3,62.7,63.1,63.5,63.9,64.3,64.8,65.2,65.7,66.2,66.8,67.4,67.9,68.4,68.7,69.0,69.3,69.6,70.1
270,Estimates,San Marino,,674,Country/Area,925,212.9,215.4,218.3,221.6,225.5,229.8,234.5,239.7,245.1,251.0,257.3,263.9,270.9,277.8,285.0,291.8,298.7,305.2,311.1,316.3,320.4,323.2,324.8,326.0,327.7,330.5,334.8,340.0,346.1,352.0,357.6,362.7,367.4,371.6,375.8,379.9,384.1,388.3,392.5,397.2,402.1,407.6,413.8,420.1,426.5,432.1,437.6,442.7,447.5,452.4,457.7,463.6,469.6,476.0,482.4,488.7,494.9,501.1,507.2,513.8,520.4,527.6,535.1,542.6,549.0,554.5,558.4,561.2,563.1,564.4,565.6
56,Estimates,Sao Tome and Principe,,678,Country/Area,911,62.5,61.7,61.0,60.6,60.7,61.3,62.3,63.6,64.9,66.2,67.0,67.3,67.2,66.9,67.0,67.6,68.9,70.9,73.2,75.5,77.7,79.5,81.2,82.8,84.5,86.6,89.0,91.8,94.6,97.4,99.8,101.8,103.6,105.3,107.1,109.3,111.9,114.9,118.0,121.2,124.2,127.0,129.8,132.4,134.8,137.2,139.4,141.5,143.6,145.8,148.2,150.8,153.6,156.7,160.1,164.0,168.4,173.2,178.3,183.2,187.9,192.2,196.2,200.1,203.9,207.7,211.7,215.7,219.8,224.0,228.3
103,Estimates,Saudi Arabia,,682,Country/Area,922,1.5,1.5,1.5,1.6,1.6,1.7,1.7,1.7,1.8,1.8,1.9,2.0,2.0,2.1,2.2,2.3,2.3,2.4,2.5,2.6,2.7,2.8,3.0,3.1,3.3,3.5,3.6,3.8,4.0,4.3,4.5,4.8,5.1,5.4,5.8,6.1,6.4,6.7,7.0,7.3,7.6,7.8,8.0,8.3,8.5,8.7,8.9,9.0,9.2,9.4,9.6,9.9,10.1,10.4,10.8,11.1,11.4,11.7,12.0,12.4,12.8,13.1,13.6,14.0,14.4,14.8,15.1,15.4,15.7,15.9,16.2
78,Estimates,Senegal,,686,Country/Area,914,12.9,13.2,13.5,13.9,14.2,14.6,15.0,15.4,15.8,16.2,16.7,17.1,17.6,18.1,18.6,19.1,19.7,20.3,20.8,21.5,22.1,22.8,23.5,24.2,24.9,25.6,26.3,26.9,27.6,28.3,29.0,29.8,30.7,31.6,32.6,33.6,34.6,35.7,36.8,37.9,39.1,40.3,41.5,42.7,43.9,45.1,46.3,47.4,48.6,49.7,50.9,52.1,53.4,54.8,56.1,57.6,59.1,60.7,62.4,64.1,65.9,67.7,69.6,71.6,73.6,75.7,77.9,80.1,82.3,84.6,87.0
271,Estimates,Serbia,31,688,Country/Area,925,77.0,78.4,79.6,80.8,81.8,82.7,83.6,84.3,85.1,85.7,86.4,87.0,87.7,88.3,89.0,89.6,90.2,90.8,91.4,92.1,92.8,93.6,94.5,95.3,96.2,97.2,98.1,99.1,100.0,100.9,101.9,102.7,103.6,104.4,105.1,105.8,106.4,106.9,107.4,108.1,108.8,109.8,110.9,112.0,112.8,113.0,112.7,111.9,110.7,109.5,108.5,107.6,106.9,106.2,105.7,105.1,104.6,104.1,103.6,103.2,102.8,102.5,102.2,102.0,101.7,101.5,101.2,101.0,100.6,100.3,99.9
40,Estimates,Seychelles,,690,Country/Area,910,79.0,80.2,81.5,82.6,83.7,84.7,85.6,86.6,87.7,88.9,90.5,92.3,94.5,96.8,99.3,101.7,104.1,106.3,108.7,111.2,113.9,116.8,119.8,123.1,126.3,129.5,132.7,135.8,138.8,141.6,144.0,146.2,148.1,149.6,150.9,151.7,152.0,152.1,152.0,152.4,153.4,155.3,158.0,161.0,164.0,166.6,168.7,170.3,171.9,173.7,176.1,179.2,182.8,186.5,190.0,192.7,194.6,195.8,196.6,197.4,198.4,199.7,201.3,203.0,204.8,206.5,208.1,209.6,211.1,212.5,213.8
79,Estimates,Sierra Leone,,694,Country/Area,914,28.3,28.6,28.9,29.3,29.6,30.0,30.4,30.8,31.2,31.6,32.1,32.6,33.1,33.6,34.2,34.7,35.4,36.0,36.6,37.3,38.0,38.8,39.6,40.4,41.2,42.1,43.0,43.9,44.9,45.9,46.9,48.0,49.0,50.2,51.4,52.7,54.3,55.9,57.6,58.9,59.8,60.2,60.2,60.0,59.7,59.6,59.7,60.1,60.7,61.8,63.5,65.9,68.8,72.1,75.3,78.2,80.8,83.0,85.0,86.9,88.9,90.9,93.0,95.1,97.2,99.4,101.5,103.7,106.0,108.2,110.5
144,Estimates,Singapore,,702,Country/Area,920,1460.1,1525.4,1599.9,1682.3,1771.0,1864.4,1960.7,2057.8,2153.6,2246.0,2333.0,2413.7,2487.8,2556.2,2620.7,2682.6,2741.8,2798.2,2852.7,2906.4,2960.4,3015.7,3072.1,3128.0,3180.5,3228.2,3269.8,3307.1,3344.9,3389.4,3445.3,3515.0,3597.1,3687.0,3777.9,3865.1,3946.3,4024.2,4104.7,4196.1,4304.2,4430.2,4570.9,4722.6,4879.6,5037.1,5197.4,5360.2,5515.3,5649.6,5755.5,5824.5,5863.4,5898.9,5967.4,6093.8,6289.0,6540.9,6822.6,7095.2,7330.2,7519.5,7670.7,7791.0,7893.8,7988.8,8076.6,8154.3,8225.0,8291.9,8357.6
174,Estimates,Sint Maarten (Dutch part),15,534,Country/Area,915,43.8,48.9,52.9,56.3,59.0,62.1,65.0,68.3,72.4,77.2,83.3,90.5,99.0,108.9,119.5,131.2,144.0,157.7,172.3,186.9,201.6,216.8,232.1,247.9,264.0,281.1,298.4,317.4,337.7,360.1,385.2,412.6,442.1,475.7,515.2,562.6,618.5,681.1,745.1,802.4,847.5,878.0,895.8,904.9,910.3,916.6,924.5,933.3,942.4,950.6,957.8,964.2,970.3,976.3,980.6,983.4,983.9,982.5,983.1,989.7,1004.9,1030.9,1065.8,1105.3,1143.3,1175.5,1200.4,1218.9,1233.4,1246.7,1261.2
241,Estimates,Slovakia,,703,Country/Area,923,71.5,73.0,74.6,76.2,77.8,79.3,80.8,82.2,83.6,84.9,86.1,87.3,88.4,89.4,90.3,91.2,91.9,92.5,93.1,93.7,94.4,95.1,96.0,96.9,97.8,98.8,99.9,100.9,102.0,103.0,103.9,104.8,105.5,106.2,106.8,107.4,108.0,108.6,109.1,109.5,110.0,110.4,110.8,111.2,111.5,111.8,112.0,112.1,112.2,112.2,112.3,112.3,112.3,112.3,112.3,112.3,112.3,112.3,112.3,112.3,112.4,112.5,112.6,112.7,112.9,113.0,113.2,113.3,113.4,113.5,113.5
272,Estimates,Slovenia,,705,Country/Area,925,73.1,73.6,74.1,74.6,75.2,75.8,76.5,77.1,77.7,78.2,78.8,79.3,79.7,80.1,80.5,80.9,81.3,81.6,82.0,82.4,82.9,83.5,84.2,84.9,85.7,86.5,87.4,88.2,89.2,90.1,91.2,92.2,93.4,94.5,95.6,96.6,97.5,98.2,98.9,99.3,99.6,99.7,99.6,99.3,99.1,98.9,98.7,98.7,98.7,98.7,98.7,98.7,98.7,98.7,98.8,99.1,99.4,99.9,100.4,101.0,101.5,101.9,102.2,102.4,102.7,102.8,103.0,103.1,103.2,103.2,103.2
210,Estimates,Solomon Islands,,90,Country/Area,928,3.2,3.3,3.4,3.4,3.5,3.6,3.7,3.9,4.0,4.1,4.2,4.3,4.5,4.6,4.7,4.9,5.0,5.2,5.4,5.5,5.7,5.9,6.2,6.4,6.7,6.9,7.2,7.4,7.7,8.0,8.2,8.5,8.8,9.1,9.4,9.7,10.0,10.2,10.5,10.8,11.1,11.5,11.8,12.1,12.5,12.8,13.2,13.6,14.0,14.3,14.7,15.1,15.6,16.0,16.4,16.8,17.2,17.6,18.0,18.4,18.9,19.3,19.9,20.4,21.0,21.5,22.1,22.7,23.3,23.9,24.5
41,Estimates,Somalia,,706,Country/Area,910,3.6,3.7,3.7,3.8,3.9,4.0,4.1,4.1,4.2,4.3,4.4,4.5,4.6,4.7,4.8,4.9,5.0,5.1,5.3,5.4,5.5,5.5,5.5,5.6,5.8,6.2,6.8,7.7,8.6,9.4,10.0,10.4,10.5,10.6,10.5,10.6,10.7,10.9,11.2,11.4,11.5,11.6,11.6,11.7,11.8,11.9,12.2,12.7,13.1,13.6,14.1,14.6,15.1,15.6,16.1,16.7,17.2,17.7,18.2,18.7,19.2,19.7,20.3,20.8,21.4,22.0,22.6,23.3,23.9,24.6,25.3
62,Estimates,South Africa,,710,Country/Area,913,11.2,11.5,11.7,12.0,12.3,12.5,12.8,13.1,13.4,13.8,14.1,14.4,14.8,15.2,15.6,16.0,16.4,16.8,17.3,17.7,18.2,18.7,19.2,19.7,20.2,20.8,21.3,21.8,22.4,22.9,23.5,24.2,24.9,25.5,26.2,26.9,27.6,28.3,28.9,29.6,30.3,31.1,31.9,32.7,33.4,34.2,34.8,35.4,36.0,36.6,37.1,37.6,38.0,38.5,39.0,39.5,40.0,40.5,41.0,41.6,42.2,42.9,43.6,44.3,45.0,45.7,46.3,47.0,47.6,48.3,48.9
42,Estimates,South Sudan,,728,Country/Area,910,4.1,4.1,4.1,4.2,4.2,4.3,4.4,4.4,4.5,4.6,4.7,4.7,4.8,4.9,5.0,5.1,5.2,5.3,5.5,5.6,5.7,5.9,6.0,6.1,6.3,6.5,6.6,6.8,7.0,7.2,7.4,7.6,7.9,8.1,8.3,8.5,8.7,8.9,9.0,9.0,9.0,8.9,8.7,8.5,8.4,8.4,8.5,8.9,9.3,9.7,10.1,10.6,10.9,11.4,11.8,12.3,12.9,13.6,14.3,15.0,15.6,16.1,16.6,16.9,17.3,17.5,17.7,17.9,18.0,18.1,18.3
273,Estimates,Spain,32,724,Country/Area,925,56.3,56.6,56.9,57.3,57.8,58.2,58.7,59.2,59.8,60.3,61.0,61.6,62.3,63.0,63.7,64.4,65.1,65.8,66.5,67.2,67.9,68.7,69.5,70.3,71.1,71.9,72.7,73.5,74.3,75.0,75.6,76.1,76.6,77.0,77.4,77.7,77.9,78.1,78.3,78.4,78.6,78.8,79.0,79.3,79.5,79.8,80.0,80.3,80.6,81.1,81.8,82.8,84.0,85.4,86.8,88.3,89.7,91.1,92.4,93.4,94.1,94.4,94.4,94.1,93.8,93.6,93.5,93.5,93.6,93.7,93.7
125,Estimates,Sri Lanka,,144,Country/Area,5501,127.1,129.3,131.7,134.2,137.0,140.0,143.2,146.6,150.1,153.7,157.5,161.2,165.1,169.0,173.0,177.2,181.5,185.9,190.4,194.8,199.1,203.3,207.3,211.3,215.3,219.3,223.5,227.6,231.8,235.8,239.8,243.5,247.2,250.8,254.3,258.0,261.7,265.4,269.1,272.8,276.3,279.6,282.8,285.8,288.5,290.9,292.9,294.5,296.0,297.6,299.4,301.6,304.0,306.6,309.2,311.7,314.1,316.4,318.7,320.9,323.1,325.3,327.4,329.5,331.5,333.4,335.2,336.9,338.5,340.0,341.5
104,Estimates,State of Palestine,8,275,Country/Area,922,154.8,153.5,154.8,157.6,160.9,164.1,166.8,169.2,171.4,174.1,177.6,182.2,187.5,192.6,196.3,197.9,196.8,193.6,189.7,187.1,187.1,190.4,196.4,204.2,212.4,219.9,226.5,232.6,238.4,244.4,250.9,258.2,265.9,274.2,283.0,292.3,302.0,312.3,323.3,335.5,349.1,364.0,380.0,397.2,415.6,435.0,455.6,477.1,498.4,518.3,535.5,549.8,561.5,571.7,582.3,594.3,608.4,624.0,640.6,657.4,673.7,689.3,704.6,719.9,735.7,752.4,770.0,788.6,807.8,827.5,847.4
87,Estimates,Sudan,,729,Country/Area,912,3.2,3.3,3.4,3.5,3.6,3.7,3.8,3.9,4.0,4.2,4.3,4.4,4.5,4.7,4.8,5.0,5.1,5.3,5.5,5.6,5.8,6.0,6.2,6.4,6.6,6.9,7.1,7.4,7.7,7.9,8.2,8.5,8.8,9.1,9.4,9.8,10.1,10.4,10.7,11.0,11.4,11.8,12.3,12.8,13.2,13.7,14.0,14.4,14.7,15.1,15.5,15.8,16.3,16.7,17.1,17.5,17.9,18.3,18.7,19.1,19.6,20.0,20.5,21.0,21.5,22.0,22.6,23.1,23.7,24.3,24.8
199,Estimates,Suriname,,740,Country/Area,931,1.4,1.4,1.5,1.5,1.6,1.6,1.6,1.7,1.7,1.8,1.8,1.9,1.9,2.0,2.1,2.1,2.2,2.2,2.3,2.3,2.4,2.4,2.4,2.3,2.3,2.3,2.3,2.3,2.3,2.3,2.3,2.3,2.3,2.3,2.3,2.4,2.4,2.4,2.5,2.5,2.6,2.6,2.7,2.7,2.8,2.8,2.9,2.9,2.9,3.0,3.0,3.1,3.1,3.1,3.2,3.2,3.2,3.3,3.3,3.4,3.4,3.4,3.5,3.5,3.5,3.6,3.6,3.7,3.7,3.7,3.8
255,Estimates,Sweden,,752,Country/Area,924,17.1,17.2,17.4,17.5,17.6,17.7,17.8,17.9,18.0,18.1,18.2,18.4,18.5,18.6,18.7,18.9,19.0,19.2,19.4,19.5,19.6,19.7,19.8,19.9,19.9,20.0,20.0,20.1,20.2,20.2,20.3,20.3,20.3,20.3,20.3,20.4,20.4,20.5,20.6,20.7,20.9,21.0,21.2,21.3,21.4,21.5,21.6,21.6,21.6,21.6,21.6,21.7,21.7,21.8,21.9,22.0,22.2,22.3,22.5,22.7,22.9,23.1,23.3,23.4,23.6,23.8,24.0,24.1,24.3,24.5,24.6
283,Estimates,Switzerland,,756,Country/Area,926,118.1,119.5,121.0,122.5,124.0,125.4,126.8,128.3,129.8,131.5,133.6,136.1,138.9,141.8,144.6,147.1,149.3,151.2,152.8,154.3,155.7,157.0,158.2,159.2,160.0,160.4,160.3,160.0,159.5,159.1,159.0,159.3,160.0,160.9,161.9,162.9,163.8,164.8,165.8,167.0,168.4,170.0,171.9,173.8,175.6,177.0,178.1,178.9,179.5,180.1,180.8,181.7,182.7,183.9,185.3,186.9,188.7,190.7,192.9,195.2,197.6,200.1,202.7,205.2,207.7,210.0,212.1,214.0,215.8,217.4,219.0
105,Estimates,Syrian Arab Republic,,760,Country/Area,922,18.6,19.1,19.6,20.1,20.7,21.3,22.0,22.6,23.4,24.1,24.9,25.7,26.6,27.4,28.3,29.3,30.2,31.3,32.3,33.4,34.6,35.8,37.0,38.3,39.7,41.0,42.4,43.9,45.4,47.0,48.6,50.4,52.2,54.1,56.1,58.0,59.9,61.9,63.8,65.8,67.8,69.8,71.8,73.9,76.0,78.1,80.3,82.6,85.0,87.2,89.4,91.3,93.0,94.8,97.1,100.0,103.8,108.3,112.5,115.5,116.3,114.8,111.3,106.6,101.9,98.0,95.1,93.1,92.3,93.0,95.3
113,Estimates,Tajikistan,,762,Country/Area,5500,10.9,11.3,11.7,12.1,12.4,12.8,13.2,13.6,14.0,14.4,14.9,15.4,16.0,16.6,17.2,17.8,18.4,19.0,19.7,20.3,20.9,21.6,22.2,22.9,23.6,24.2,24.9,25.6,26.4,27.1,27.9,28.7,29.6,30.5,31.4,32.4,33.5,34.6,35.7,36.8,37.8,38.6,39.3,40.0,40.6,41.2,41.8,42.4,43.1,43.7,44.4,45.1,45.9,46.7,47.6,48.5,49.5,50.5,51.5,52.6,53.8,55.0,56.3,57.6,59.0,60.4,61.9,63.4,65.0,66.6,68.1
145,Estimates,Thailand,,764,Country/Area,920,40.5,41.6,42.7,43.9,45.1,46.4,47.7,49.1,50.6,52.1,53.6,55.2,56.9,58.7,60.4,62.3,64.2,66.1,68.1,70.1,72.2,74.3,76.5,78.6,80.7,82.8,84.9,86.9,88.9,90.8,92.7,94.6,96.4,98.2,100.0,101.8,103.7,105.6,107.4,109.2,110.7,112.0,113.2,114.2,115.2,116.4,117.7,119.1,120.5,121.9,123.2,124.4,125.4,126.3,127.2,128.0,128.8,129.5,130.2,130.9,131.5,132.2,132.8,133.4,134.0,134.5,135.0,135.5,135.9,136.3,136.6
146,Estimates,Timor-Leste,,626,Country/Area,920,27.9,28.2,28.5,28.8,29.1,29.5,30.0,30.4,30.9,31.4,31.9,32.5,33.1,33.7,34.3,34.9,35.6,36.2,36.9,37.6,38.4,39.4,40.4,41.3,42.0,42.3,42.2,41.7,41.0,40.5,40.3,40.6,41.2,42.1,43.2,44.2,45.2,46.2,47.2,48.3,49.6,51.1,52.7,54.3,55.7,56.8,57.5,58.0,58.3,58.7,59.5,60.6,62.1,63.7,65.4,66.9,68.4,69.7,71.0,72.2,73.5,74.9,76.2,77.6,79.0,80.5,82.0,83.6,85.3,87.0,88.7
80,Estimates,Togo,,768,Country/Area,914,25.7,26.2,26.5,26.7,26.9,27.1,27.4,27.8,28.2,28.7,29.1,29.4,29.7,30.0,30.6,31.4,32.6,34.1,35.8,37.4,38.9,40.2,41.3,42.3,43.3,44.3,45.3,46.3,47.4,48.6,50.0,51.7,53.6,55.7,57.7,59.8,61.8,63.8,65.8,67.6,69.4,71.0,72.5,74.1,75.8,77.7,80.0,82.5,85.2,87.9,90.5,93.1,95.6,98.0,100.5,103.2,106.0,108.9,111.8,114.9,118.1,121.3,124.5,127.9,131.2,134.6,138.1,141.5,145.0,148.6,152.2
226,Estimates,Tokelau,21,772,Country/Area,957,157.2,150.9,149.9,152.0,155.3,160.2,166.8,172.3,177.6,182.0,187.1,191.6,193.6,195.3,194.9,192.7,188.3,181.6,174.0,167.4,162.3,158.7,157.5,157.1,157.3,157.0,156.4,154.8,154.2,153.9,154.3,158.3,161.1,165.5,168.9,171.4,170.9,168.6,166.3,163.0,160.4,157.5,155.8,153.7,152.4,150.7,152.2,154.7,156.9,157.4,155.0,150.6,143.8,134.8,126.5,121.3,116.5,114.3,113.4,112.6,112.9,113.8,116.3,119.1,121.7,124.7,127.6,129.7,131.8,133.0,135.0
227,Estimates,Tonga,,776,Country/Area,957,65.6,68.5,71.1,73.3,75.2,76.8,78.3,79.7,81.2,83.1,85.5,88.5,92.0,95.8,99.6,103.3,106.6,109.8,112.6,115.1,117.1,118.7,119.9,120.8,121.6,122.7,123.9,125.4,126.9,128.2,129.1,129.7,130.1,130.2,130.3,130.4,130.7,131.0,131.4,131.7,132.0,132.3,132.5,132.7,133.0,133.3,133.7,134.2,134.8,135.4,136.1,136.8,137.5,138.3,139.2,140.2,141.3,142.5,143.6,144.3,144.4,143.8,142.7,141.3,140.3,140.0,140.5,141.7,143.3,145.1,146.8
175,Estimates,Trinidad and Tobago,,780,Country/Area,915,125.9,128.4,131.7,135.5,139.7,144.2,148.7,153.2,157.5,161.6,165.3,168.6,171.4,173.9,175.9,177.7,179.2,180.4,181.4,182.7,184.3,186.3,188.7,191.4,194.2,197.1,199.8,202.6,205.4,208.3,211.5,214.8,218.3,221.8,225.2,228.1,230.7,232.9,234.7,236.4,238.0,239.6,241.1,242.4,243.6,244.5,245.1,245.6,245.9,246.4,247.0,247.9,249.0,250.2,251.5,252.7,253.9,255.1,256.2,257.5,258.9,260.5,262.1,263.9,265.6,267.1,268.5,269.8,270.9,271.9,272.8
88,Estimates,Tunisia,,788,Country/Area,912,23.2,23.8,24.3,24.7,25.1,25.4,25.7,26.0,26.2,26.6,26.9,27.3,27.7,28.2,28.7,29.3,29.9,30.5,31.2,31.9,32.6,33.3,34.1,34.8,35.6,36.4,37.2,38.1,39.0,40.0,41.0,42.2,43.4,44.7,45.9,47.2,48.4,49.6,50.7,51.9,53.1,54.2,55.4,56.6,57.7,58.7,59.7,60.5,61.2,61.9,62.5,63.0,63.5,64.0,64.5,65.1,65.7,66.3,67.0,67.8,68.5,69.1,69.8,70.5,71.2,72.0,72.8,73.6,74.4,75.3,76.1
106,Estimates,Turkey,,792,Country/Area,922,27.8,28.5,29.2,30.0,30.8,31.5,32.3,33.2,34.0,34.8,35.7,36.6,37.5,38.4,39.3,40.2,41.2,42.2,43.2,44.2,45.3,46.4,47.5,48.7,49.9,51.0,52.2,53.4,54.6,55.9,57.1,58.5,59.8,61.2,62.5,63.8,65.1,66.4,67.6,68.9,70.1,71.3,72.4,73.6,74.8,76.0,77.2,78.4,79.7,80.9,82.2,83.4,84.6,85.9,87.1,88.2,89.3,90.4,91.5,92.7,94.0,95.4,97.0,98.7,100.3,102.0,103.7,105.4,107.0,108.4,109.6
114,Estimates,Turkmenistan,,795,Country/Area,5500,2.6,2.6,2.7,2.7,2.8,2.9,3.0,3.1,3.2,3.3,3.4,3.5,3.7,3.8,3.9,4.0,4.2,4.3,4.4,4.5,4.7,4.8,4.9,5.1,5.2,5.4,5.5,5.7,5.8,6.0,6.1,6.3,6.4,6.6,6.7,6.9,7.1,7.3,7.4,7.6,7.8,8.1,8.3,8.5,8.8,9.0,9.1,9.3,9.4,9.5,9.6,9.7,9.8,9.9,10.0,10.1,10.2,10.4,10.5,10.7,10.8,11.0,11.2,11.4,11.6,11.8,12.0,12.3,12.5,12.6,12.8
176,Estimates,Turks and Caicos Islands,14,796,Country/Area,915,5.3,5.3,5.2,5.3,5.4,5.5,5.7,5.8,5.9,6.1,6.1,6.2,6.2,6.2,6.2,6.1,6.1,6.1,6.0,6.1,6.1,6.3,6.5,6.7,7.0,7.2,7.4,7.6,7.8,8.0,8.3,8.7,9.1,9.6,10.1,10.5,10.9,11.3,11.7,12.2,12.8,13.5,14.4,15.3,16.2,17.1,17.8,18.5,19.2,20.1,21.2,22.7,24.5,26.3,28.1,29.7,30.9,32.0,32.8,33.6,34.4,35.1,35.9,36.6,37.2,37.9,38.5,39.1,39.6,40.2,40.8
228,Estimates,Tuvalu,,798,Country/Area,957,155.9,159.5,162.4,164.7,167.1,169.1,171.3,173.1,174.5,176.2,177.4,177.7,178.0,178.0,178.5,179.6,181.2,183.7,186.6,189.0,191.3,192.3,192.9,194.0,196.8,202.1,210.6,221.7,233.9,245.2,254.4,260.8,265.0,268.0,270.3,273.7,278.0,282.7,287.9,292.9,297.0,300.5,303.7,306.5,308.6,309.9,310.6,310.9,311.1,311.5,313.1,315.9,319.8,324.1,329.0,333.2,337.3,340.6,343.8,347.1,350.7,354.2,358.1,361.6,365.8,370.0,374.4,378.8,383.5,388.5,393.1
43,Estimates,Uganda,,800,Country/Area,910,25.8,26.6,27.3,28.0,28.7,29.5,30.2,31.1,31.9,32.9,33.9,35.0,36.1,37.3,38.6,40.0,41.4,42.8,44.2,45.7,47.1,48.4,49.7,51.0,52.3,53.7,55.3,56.9,58.6,60.4,62.3,64.2,66.2,68.3,70.5,72.9,75.4,78.1,81.0,83.9,86.9,89.9,92.9,96.0,99.1,102.2,105.3,108.4,111.6,114.9,118.4,122.1,126.0,130.0,134.2,138.6,143.0,147.6,152.3,157.2,162.3,167.5,173.0,178.6,184.7,191.3,198.4,206.0,213.8,221.6,228.9
242,Estimates,Ukraine,23,804,Country/Area,923,64.4,65.3,66.2,67.2,68.1,69.1,70.0,70.9,71.8,72.7,73.6,74.6,75.5,76.4,77.3,78.1,78.9,79.5,80.1,80.7,81.3,81.9,82.5,83.1,83.6,84.2,84.6,85.1,85.5,85.9,86.2,86.6,87.0,87.3,87.6,87.9,88.2,88.4,88.6,88.8,88.8,88.8,88.8,88.6,88.3,87.9,87.3,86.6,85.9,85.1,84.3,83.5,82.8,82.1,81.5,80.9,80.5,80.0,79.7,79.4,79.0,78.7,78.5,78.2,77.9,77.5,77.2,76.8,76.4,75.9,75.5
107,Estimates,United Arab Emirates,,784,Country/Area,922,0.8,0.8,0.8,0.9,0.9,1.0,1.0,1.0,1.0,1.0,1.1,1.2,1.3,1.5,1.7,1.8,1.9,2.0,2.2,2.4,2.8,3.3,4.0,4.7,5.6,6.6,7.6,8.8,10.0,11.1,12.2,13.1,13.9,14.7,15.5,16.3,17.3,18.3,19.5,20.6,21.9,23.2,24.6,26.0,27.4,28.9,30.4,32.0,33.7,35.5,37.5,39.5,41.6,44.4,48.7,54.9,63.4,73.8,84.8,94.7,102.3,107.0,109.3,110.0,110.2,110.8,112.0,113.5,115.2,116.9,118.3
256,Estimates,United Kingdom,29,826,Country/Area,924,209.2,209.2,209.4,209.8,210.4,211.1,211.9,212.9,213.9,215.1,216.5,217.9,219.5,221.1,222.7,224.2,225.6,226.8,227.9,228.9,229.7,230.4,231.0,231.5,231.9,232.1,232.3,232.3,232.3,232.3,232.3,232.4,232.5,232.6,232.8,233.2,233.6,234.2,234.8,235.5,236.2,236.8,237.4,238.1,238.8,239.5,240.2,241.0,241.8,242.7,243.6,244.4,245.2,246.2,247.5,249.2,251.4,254.0,256.9,259.7,262.3,264.6,266.7,268.6,270.4,272.2,274.0,275.8,277.5,279.1,280.6
44,Estimates,United Republic of Tanzania,3,834,Country/Area,910,8.6,8.9,9.1,9.3,9.6,9.9,10.1,10.4,10.7,11.0,11.3,11.7,12.0,12.4,12.8,13.1,13.5,13.9,14.4,14.8,15.3,15.8,16.3,16.8,17.4,17.9,18.5,19.1,19.7,20.3,20.9,21.6,22.3,23.0,23.7,24.4,25.2,25.9,26.7,27.6,28.5,29.4,30.4,31.5,32.5,33.5,34.4,35.2,36.0,36.9,37.8,38.8,39.9,41.0,42.2,43.4,44.6,45.9,47.2,48.6,50.1,51.6,53.1,54.7,56.4,58.1,59.9,61.7,63.6,65.5,67.4
289,Estimates,United States of America,35,840,Country/Area,918,17.4,17.6,17.8,18.1,18.4,18.8,19.1,19.4,19.8,20.1,20.4,20.7,21.0,21.3,21.6,21.8,22.1,22.3,22.5,22.7,22.9,23.1,23.3,23.5,23.7,24.0,24.2,24.4,24.6,24.9,25.1,25.3,25.6,25.8,26.0,26.3,26.5,26.8,27.0,27.3,27.6,27.8,28.1,28.4,28.7,29.0,29.3,29.7,30.1,30.5,30.8,31.1,31.4,31.7,32.0,32.2,32.6,32.9,33.2,33.5,33.8,34.1,34.3,34.6,34.8,35.1,35.3,35.5,35.8,36.0,36.2
177,Estimates,United States Virgin Islands,16,850,Country/Area,915,76.5,78.2,80.3,82.3,83.9,84.8,85.3,85.9,87.1,89.8,94.7,102.1,111.6,122.5,133.5,143.5,152.1,159.8,167.0,175.2,184.9,196.5,209.4,222.8,235.6,247.1,256.7,264.8,271.6,277.6,283.1,288.2,292.8,296.6,299.4,300.8,300.8,299.7,298.0,296.7,296.4,297.4,299.4,302.1,304.7,306.8,308.4,309.5,310.1,310.5,310.7,310.5,310.2,309.6,308.9,308.0,307.0,306.1,305.0,304.0,303.1,302.3,301.5,300.9,300.3,299.9,299.5,299.3,299.1,298.8,298.4
200,Estimates,Uruguay,,858,Country/Area,931,12.8,12.9,13.1,13.2,13.4,13.6,13.7,13.9,14.1,14.3,14.5,14.7,14.9,15.1,15.2,15.4,15.6,15.7,15.9,16.0,16.1,16.1,16.1,16.1,16.1,16.2,16.2,16.3,16.4,16.5,16.7,16.8,16.9,17.0,17.1,17.2,17.3,17.4,17.5,17.6,17.8,17.9,18.0,18.2,18.3,18.4,18.6,18.7,18.8,18.9,19.0,19.0,19.0,19.0,19.0,19.0,19.0,19.0,19.1,19.1,19.2,19.2,19.3,19.4,19.4,19.5,19.6,19.6,19.7,19.8,19.8
115,Estimates,Uzbekistan,,860,Country/Area,5500,14.7,15.2,15.7,16.1,16.6,17.1,17.6,18.2,18.8,19.4,20.0,20.7,21.4,22.2,22.9,23.8,24.7,25.6,26.6,27.5,28.4,29.3,30.1,30.9,31.7,32.6,33.5,34.4,35.4,36.4,37.4,38.4,39.4,40.4,41.4,42.5,43.5,44.6,45.7,46.8,48.0,49.1,50.2,51.4,52.5,53.6,54.6,55.6,56.5,57.4,58.2,59.0,59.8,60.5,61.3,62.1,63.0,64.0,64.9,66.0,67.0,68.1,69.2,70.4,71.5,72.7,73.9,75.1,76.3,77.5,78.7
211,Estimates,Vanuatu,,548,Country/Area,928,3.9,4.0,4.1,4.2,4.4,4.5,4.6,4.8,4.9,5.1,5.2,5.4,5.6,5.7,5.9,6.1,6.3,6.4,6.6,6.8,7.0,7.2,7.4,7.7,7.9,8.2,8.4,8.7,9.0,9.2,9.5,9.7,10.0,10.2,10.4,10.7,10.9,11.2,11.4,11.7,12.0,12.4,12.7,13.1,13.5,13.8,14.1,14.3,14.6,14.9,15.2,15.5,15.9,16.3,16.7,17.2,17.6,18.0,18.4,18.9,19.4,19.9,20.5,21.1,21.6,22.2,22.8,23.4,24.0,24.6,25.2
201,Estimates,Venezuela (Bolivarian Republic of),,862,Country/Area,931,6.2,6.5,6.8,7.1,7.3,7.6,7.9,8.3,8.6,8.9,9.2,9.6,9.9,10.3,10.6,11.0,11.4,11.7,12.1,12.5,12.9,13.3,13.7,14.1,14.5,15.0,15.4,15.8,16.3,16.7,17.2,17.7,18.2,18.6,19.1,19.6,20.1,20.7,21.2,21.7,22.3,22.8,23.3,23.8,24.3,24.9,25.4,25.9,26.4,26.9,27.4,27.9,28.5,29.0,29.5,30.0,30.4,30.9,31.3,31.8,32.2,32.8,33.3,33.8,34.1,34.1,33.8,33.3,32.7,32.3,32.2
147,Estimates,Viet Nam,,704,Country/Area,920,80.0,81.8,83.8,85.9,88.3,90.8,93.4,96.2,99.2,102.2,105.4,108.6,111.9,115.2,118.6,122.1,125.6,129.2,132.9,136.4,140.0,143.5,146.9,150.3,153.7,157.1,160.6,164.0,167.6,171.2,175.1,179.1,183.2,187.5,191.9,196.4,200.9,205.4,210.0,214.6,219.3,223.9,228.6,233.2,237.5,241.6,245.3,248.8,251.9,254.9,257.7,260.4,263.0,265.4,267.9,270.4,272.9,275.5,278.1,280.9,283.7,286.6,289.6,292.7,295.8,298.9,302.0,305.1,308.1,311.1,313.9
229,Estimates,Wallis and Futuna Islands,2,876,Country/Area,957,50.0,50.9,52.0,53.0,53.9,54.8,55.6,56.2,56.9,57.6,58.2,59.1,60.0,60.9,61.7,62.2,62.6,62.9,63.0,63.1,63.3,63.5,63.7,64.3,65.2,66.6,68.5,70.8,73.7,76.8,80.2,84.0,87.8,91.7,94.9,97.3,98.6,99.1,98.9,98.6,98.5,98.7,99.1,99.7,100.4,101.1,101.8,102.5,103.3,104.1,105.0,106.0,107.1,107.8,107.8,106.7,104.3,100.9,97.0,93.4,90.6,89.0,88.4,88.2,88.1,87.6,86.4,85.0,83.2,81.7,80.3
89,Estimates,Western Sahara,,732,Country/Area,912,0.1,0.1,0.1,0.1,0.1,0.1,0.1,0.1,0.1,0.1,0.1,0.1,0.1,0.2,0.2,0.2,0.2,0.2,0.3,0.3,0.3,0.3,0.3,0.3,0.3,0.3,0.3,0.4,0.4,0.5,0.6,0.6,0.6,0.7,0.7,0.7,0.7,0.7,0.8,0.8,0.8,0.8,0.9,0.9,0.9,1.0,1.0,1.0,1.1,1.1,1.2,1.3,1.4,1.5,1.6,1.6,1.7,1.7,1.8,1.8,1.8,1.8,1.9,1.9,1.9,2.0,2.0,2.1,2.1,2.2,2.2
108,Estimates,Yemen,,887,Country/Area,922,8.8,8.9,9.0,9.2,9.3,9.4,9.5,9.7,9.8,9.9,10.1,10.2,10.4,10.5,10.7,10.8,11.0,11.2,11.4,11.5,11.7,11.9,12.1,12.3,12.6,12.9,13.2,13.6,14.0,14.5,15.0,15.6,16.2,16.8,17.5,18.1,18.8,19.6,20.3,21.2,22.2,23.3,24.5,25.8,27.1,28.2,29.3,30.3,31.2,32.0,33.0,33.9,34.9,36.0,37.0,38.1,39.2,40.3,41.5,42.6,43.9,45.1,46.4,47.6,48.9,50.2,51.5,52.7,54.0,55.2,56.5
45,Estimates,Zambia,,894,Country/Area,910,3.1,3.2,3.3,3.4,3.5,3.6,3.7,3.8,3.9,4.0,4.1,4.3,4.4,4.5,4.7,4.8,5.0,5.1,5.3,5.4,5.6,5.8,6.0,6.2,6.4,6.6,6.9,7.1,7.4,7.6,7.9,8.1,8.4,8.7,9.0,9.3,9.6,9.9,10.2,10.5,10.8,11.1,11.4,11.6,11.9,12.2,12.6,12.9,13.3,13.6,14.0,14.4,14.8,15.1,15.5,15.9,16.4,16.8,17.3,17.8,18.3,18.9,19.5,20.1,20.7,21.4,22.0,22.7,23.3,24.0,24.7
46,Estimates,Zimbabwe,,716,Country/Area,910,7.1,7.3,7.6,7.8,8.0,8.3,8.6,8.9,9.1,9.4,9.8,10.1,10.4,10.8,11.2,11.6,12.0,12.4,12.8,13.2,13.7,14.2,14.7,15.2,15.7,16.3,16.8,17.4,17.9,18.5,19.2,19.8,20.6,21.3,22.1,22.9,23.8,24.6,25.5,26.2,27.0,27.6,28.2,28.7,29.1,29.5,29.8,30.1,30.4,30.6,30.7,30.8,30.9,31.0,31.1,31.2,31.4,31.7,32.0,32.4,32.8,33.3,33.9,34.5,35.1,35.7,36.3,36.8,37.3,37.9,38.4
